id,nom,prenom,email,sexe,date_naissance,date_deces,navs,numero_individu
1,Borg,McAdam,bmcadam0@tinyurl.com,F,9/17/1994,,756.423.678.33,84220771
2,Saw,Lashley,slashley1@mayoclinic.com,F,5/4/1932,,756.363.893.44,09952992
3,Shaylyn,Marielle,smarielle2@ebay.co.uk,F,2/8/1980,,756.687.825.61,51484221
4,Yasmeen,Dawidsohn,ydawidsohn3@weibo.com,M,8/11/1958,,756.014.503.04,82184083
5,Rudyard,Feedham,rfeedham4@printfriendly.com,M,8/24/1933,,756.709.888.57,93064391
6,Winslow,Fronks,wfronks5@tamu.edu,M,11/18/1993,,756.134.197.94,07017387
7,Cassondra,Parkyn,cparkyn6@ed.gov,M,6/15/1999,,756.714.196.43,11014066
8,Lorna,Diack,ldiack7@addthis.com,F,4/5/1933,,756.681.072.47,68224155
9,Devora,Penlington,dpenlington8@51.la,M,10/24/1997,,756.953.624.15,25835361
10,Shannon,Maddrell,smaddrell9@github.io,F,4/2/1956,,756.836.555.97,42666031
11,Rosalind,Gayle,rgaylea@scientificamerican.com,F,2/19/1959,,756.585.694.25,79295567
12,Kimball,Pote,kpoteb@dell.com,F,2/5/1966,,756.462.611.77,09122824
13,Vaughan,MacVay,vmacvayc@nationalgeographic.com,F,5/24/1968,,756.596.651.60,08410930
14,Kori,Samweyes,ksamweyesd@dot.gov,M,5/23/1977,10/15/2016,756.148.216.39,09948817
15,Lazaro,Rees,lreese@patch.com,F,12/17/1938,,756.205.983.34,13608515
16,Yance,Crosetto,ycrosettof@hubpages.com,F,1/1/1978,,756.960.321.91,76811053
17,Edmon,Duker,edukerg@i2i.jp,F,3/18/1950,,756.247.668.50,62378147
18,Jacqueline,Eskriet,jeskrieth@mit.edu,F,8/30/1984,,756.597.974.69,15440956
19,Dario,Albery,dalberyi@wired.com,M,12/9/1971,,756.414.212.59,75852607
20,Werner,McNeill,wmcneillj@hugedomains.com,M,10/1/1953,,756.394.333.57,51590753
21,Roselin,Hambright,rhambrightk@nytimes.com,M,8/31/1935,,756.086.386.50,92902965
22,Babbie,Anthoin,banthoinl@soundcloud.com,F,8/26/1982,,756.496.714.31,03324995
23,Antonietta,Cocozza,acocozzam@unblog.fr,M,1/8/1984,,756.254.120.01,43834780
24,Gus,Catford,gcatfordn@wix.com,M,5/2/1963,,756.493.635.90,82415705
25,Kinna,Tutsell,ktutsello@elegantthemes.com,M,9/22/1978,,756.648.541.23,22928432
26,Anthe,Gabbitus,agabbitusp@alibaba.com,M,2/11/1936,,756.377.339.16,67899577
27,Rosa,Essam,ressamq@deliciousdays.com,M,5/8/1957,,756.006.223.83,44676503
28,Heida,Aisbett,haisbettr@opensource.org,M,10/21/1976,,756.061.414.40,43476501
29,Kira,Sephton,ksephtons@patch.com,F,4/24/1937,,756.980.550.99,35457128
30,Jenifer,MacGauhy,jmacgauhyt@vkontakte.ru,M,3/10/1940,,756.056.772.20,58329038
31,Benedikta,Carman,bcarmanu@godaddy.com,F,6/10/1943,,756.462.429.67,61104717
32,Irving,Boosey,ibooseyv@discovery.com,F,7/5/1947,,756.727.480.32,22694450
33,Yelena,Suttaby,ysuttabyw@comcast.net,M,9/6/1929,,756.294.650.96,20646809
34,Anitra,Capnerhurst,acapnerhurstx@com.com,F,1/9/1994,,756.848.527.88,63065058
35,Clemmie,Node,cnodey@youtu.be,F,3/15/1970,,756.605.324.71,14804171
36,Marigold,Daly,mdalyz@360.cn,M,10/7/1983,,756.085.583.83,05066036
37,Bryant,Alben,balben10@paypal.com,F,7/3/1948,,756.251.187.56,61779762
38,Drugi,Matovic,dmatovic11@webeden.co.uk,M,9/8/1968,,756.904.239.26,40356962
39,Milka,Meineck,mmeineck12@wikia.com,F,10/17/1967,,756.474.019.40,53196700
40,Peadar,Stoad,pstoad13@smugmug.com,F,3/22/1975,,756.807.038.47,88169087
41,Beaufort,Edden,bedden14@live.com,M,1/7/1934,,756.621.712.32,18156966
42,Hewett,Cowitz,hcowitz15@guardian.co.uk,M,5/4/1989,,756.254.964.91,80411155
43,Isabel,Cundey,icundey16@canalblog.com,M,9/9/1954,,756.618.813.66,21753898
44,Sammie,Bugs,sbugs17@answers.com,F,1/15/1947,,756.915.245.17,88669751
45,Katharyn,Cauley,kcauley18@ebay.co.uk,F,11/29/1984,,756.630.875.17,05723387
46,Greggory,Owers,gowers19@seattletimes.com,F,2/19/1967,,756.491.596.68,41278027
47,Evangelia,Rosoman,erosoman1a@mapquest.com,F,5/19/1942,,756.586.306.16,28117355
48,Milena,Le Friec,mlefriec1b@quantcast.com,M,9/6/1981,,756.923.917.58,09305133
49,Delcina,Chatenier,dchatenier1c@microsoft.com,M,7/2/1962,,756.769.936.19,62021140
50,Donnie,Kenwrick,dkenwrick1d@bloglines.com,F,7/14/1995,,756.490.221.19,95157792
51,Karry,Gasnell,kgasnell1e@wikimedia.org,F,9/3/1977,,756.021.942.33,68785636
52,Chariot,Caisley,ccaisley1f@howstuffworks.com,M,1/17/1994,,756.610.891.80,55363048
53,Quent,Ratazzi,qratazzi1g@arstechnica.com,F,9/16/1931,,756.316.006.95,14478240
54,Ham,Doret,hdoret1h@google.co.jp,M,12/1/1959,,756.413.372.77,09622027
55,Chip,Maxwale,cmaxwale1i@chronoengine.com,F,12/17/1997,,756.082.485.74,27129990
56,Shawn,Lordon,slordon1j@jigsy.com,F,6/18/1980,,756.463.561.46,66942651
57,Hetti,Freezer,hfreezer1k@tripod.com,M,9/27/1979,,756.726.932.87,96606279
58,Gilberta,Jayne,gjayne1l@sourceforge.net,F,6/2/1985,,756.342.553.78,43330144
59,Stearne,Oaker,soaker1m@buzzfeed.com,M,2/2/1941,,756.639.903.98,72680870
60,Valentino,Guerra,vguerra1n@blinklist.com,M,9/3/1983,,756.642.519.04,38266236
61,Margot,Darkott,mdarkott1o@wordpress.org,F,6/5/1934,,756.096.392.51,20299413
62,Jamil,Azemar,jazemar1p@oaic.gov.au,M,7/16/1930,,756.552.158.30,35140147
63,Mable,MacLise,mmaclise1q@japanpost.jp,M,4/20/1974,,756.599.404.68,12535466
64,Rosanne,MacDavitt,rmacdavitt1r@archive.org,M,5/15/1933,6/4/2020,756.475.392.12,41212233
65,Sinclair,Blankett,sblankett1s@microsoft.com,F,12/17/1986,11/6/2015,756.890.663.80,76458816
66,Ethelind,Baddam,ebaddam1t@bing.com,F,12/29/1993,,756.785.528.26,01092503
67,Zak,Webermann,zwebermann1u@paypal.com,M,7/29/2001,,756.085.257.08,36930097
68,Cami,Aleswell,caleswell1v@desdev.cn,M,4/8/1994,,756.285.251.65,23731891
69,Sybyl,Dews,sdews1w@jugem.jp,M,2/1/1989,,756.995.728.83,91069269
70,Bill,Pinhorn,bpinhorn1x@twitpic.com,F,5/18/1990,,756.897.008.55,50446393
71,Clyde,de Mendoza,cdemendoza1y@europa.eu,F,8/28/1999,,756.560.956.92,56362893
72,Fleur,Szymczyk,fszymczyk1z@wsj.com,F,10/14/1984,,756.719.611.38,86477184
73,Alexina,Winson,awinson20@google.ru,M,3/6/1973,,756.451.252.45,70132633
74,Marie-ann,Shinton,mshinton21@latimes.com,F,8/6/1963,,756.163.120.98,74696411
75,Howard,Evison,hevison22@merriam-webster.com,F,2/3/1961,,756.032.859.41,79433408
76,Constantino,Cluely,ccluely23@joomla.org,F,5/4/1982,,756.894.202.92,82064842
77,Therine,Swayland,tswayland24@chron.com,F,8/7/1964,,756.936.802.46,44304465
78,Leda,Pennuzzi,lpennuzzi25@com.com,M,10/18/1977,,756.540.359.87,19783204
79,Kathie,Triggel,ktriggel26@bloglines.com,M,1/31/1934,,756.528.354.45,93604705
80,Curtis,Kinzett,ckinzett27@goodreads.com,F,8/8/2001,,756.294.357.04,73922192
81,Fae,Goeff,fgoeff28@google.it,M,8/11/1995,,756.236.792.38,95745220
82,Karlen,Reilinger,kreilinger29@instagram.com,F,3/28/1993,,756.094.821.35,82531664
83,Basilius,Matt,bmatt2a@google.de,M,10/7/1968,,756.218.899.44,02524180
84,Rona,Greber,rgreber2b@latimes.com,M,3/25/1948,,756.363.671.05,72779720
85,Clarissa,Faltin,cfaltin2c@drupal.org,F,8/10/1948,,756.850.454.42,69202320
86,Selinda,Teodori,steodori2d@histats.com,F,2/24/1982,,756.846.777.42,19175031
87,Krystalle,Rickersey,krickersey2e@bing.com,F,11/20/1989,,756.161.495.42,26466281
88,Temp,Ludlem,tludlem2f@jugem.jp,M,4/27/1950,,756.467.421.92,89243021
89,Lucienne,Kneesha,lkneesha2g@bbc.co.uk,F,8/23/1940,,756.918.947.21,17513317
90,Evangelina,Finlater,efinlater2h@smh.com.au,F,11/9/1929,,756.184.315.70,02132543
91,Chelsy,Jeste,cjeste2i@prweb.com,M,12/23/1939,,756.020.865.08,62736822
92,Stefano,Tams,stams2j@furl.net,M,2/7/2000,,756.314.782.18,69660166
93,Elizabet,Seeking,eseeking2k@biglobe.ne.jp,M,8/24/1969,,756.876.009.47,41238884
94,Carlos,Ambrozewicz,cambrozewicz2l@aol.com,M,11/21/1949,,756.164.920.66,74261876
95,Bab,Fewtrell,bfewtrell2m@dmoz.org,F,3/11/1942,,756.980.026.29,36254854
96,Claudian,Helliwell,chelliwell2n@ucoz.com,F,7/23/1960,5/4/2008,756.481.562.25,21081761
97,Barnie,Walkley,bwalkley2o@state.gov,M,9/25/1994,,756.231.975.87,30456592
98,Audrye,Pawlyn,apawlyn2p@slate.com,F,3/7/1971,,756.855.305.74,85742300
99,Emmie,Wallhead,ewallhead2q@whitehouse.gov,F,11/4/1957,,756.062.447.07,99884768
100,Katherina,Stedman,kstedman2r@wunderground.com,F,9/4/1990,,756.070.758.54,14886884
101,Gaile,Spurden,gspurden2s@google.it,M,2/15/1960,,756.584.316.79,41920063
102,Rosemonde,Emberton,remberton2t@ustream.tv,F,2/24/1963,,756.260.468.71,12941162
103,Janetta,Micheau,jmicheau2u@squarespace.com,F,4/7/1944,,756.825.928.49,80442102
104,Padgett,Innerstone,pinnerstone2v@ox.ac.uk,M,9/15/1989,,756.340.776.33,30696066
105,Grady,Milthorpe,gmilthorpe2w@springer.com,M,4/14/1975,,756.205.794.77,42848665
106,Dolph,Davis,ddavis2x@google.es,F,1/26/1954,,756.424.235.29,10973746
107,Emlen,Woodage,ewoodage2y@mit.edu,M,2/11/1976,,756.519.487.26,55640190
108,Mordecai,Fairfull,mfairfull2z@tiny.cc,F,8/27/1951,,756.001.041.40,05570365
109,Lynnell,Pallaske,lpallaske30@marketwatch.com,F,3/4/1980,,756.911.969.57,13769109
110,Ferdinand,Tie,ftie31@salon.com,F,6/12/1989,,756.642.870.86,76074163
111,Patrizia,Forbear,pforbear32@networksolutions.com,F,2/11/1962,6/27/2013,756.066.014.06,06090088
112,Eadith,Harriot,eharriot33@irs.gov,M,8/21/1931,,756.477.913.11,62749780
113,Sydel,Haughton,shaughton34@posterous.com,F,11/6/1940,,756.363.642.62,40778455
114,Frannie,Leopard,fleopard35@symantec.com,M,9/29/1933,,756.532.331.30,07546342
115,Analiese,Hankins,ahankins36@w3.org,F,7/28/1987,,756.011.799.17,27305873
116,Sarina,McManus,smcmanus37@senate.gov,F,11/27/1987,,756.264.832.04,98285103
117,Louella,Harflete,lharflete38@tmall.com,F,6/18/1985,,756.998.684.49,93757417
118,Sal,Wickes,swickes39@businessweek.com,M,10/10/1935,,756.768.306.09,96556540
119,Haze,Tarzey,htarzey3a@oracle.com,M,1/21/1950,,756.231.209.95,31963702
120,Maribel,Ruddin,mruddin3b@woothemes.com,F,4/3/1957,,756.831.758.33,97069761
121,Jacquenette,Saphir,jsaphir3c@yelp.com,M,1/30/1987,,756.144.108.68,29215616
122,Arlee,Stolle,astolle3d@xing.com,F,8/5/1966,,756.321.979.21,99509904
123,Margie,Cowoppe,mcowoppe3e@com.com,F,12/29/1952,,756.595.991.65,32792675
124,Davita,Biswell,dbiswell3f@histats.com,M,12/9/1951,,756.255.462.83,21152192
125,Livia,Sturgeon,lsturgeon3g@shop-pro.jp,M,11/19/1952,,756.221.991.38,18494363
126,Murielle,Barenskie,mbarenskie3h@house.gov,M,5/27/1957,,756.403.568.23,67313749
127,Zared,Mumby,zmumby3i@wikispaces.com,F,11/16/1972,,756.501.917.79,25175183
128,Isacco,Chastney,ichastney3j@surveymonkey.com,M,4/28/1976,,756.279.736.14,16166158
129,Rosabelle,Longmead,rlongmead3k@meetup.com,F,12/14/1936,,756.024.246.17,47828349
130,Chase,Skipp,cskipp3l@dedecms.com,F,11/18/1976,,756.572.065.35,39276210
131,Roley,Markie,rmarkie3m@1688.com,M,7/15/1956,,756.970.294.39,21055453
132,Roxine,Braney,rbraney3n@is.gd,F,10/13/1969,,756.139.378.11,93174915
133,Bernardine,Ainscough,bainscough3o@guardian.co.uk,M,9/21/1986,,756.945.130.44,97645451
134,Godard,McTrustey,gmctrustey3p@dailymail.co.uk,M,8/22/1998,1/20/2023,756.699.068.56,12953247
135,Danella,Utton,dutton3q@youtu.be,F,3/8/1970,,756.386.935.38,65871882
136,Brigitta,Wandrack,bwandrack3r@jiathis.com,F,6/29/1932,,756.690.877.58,74818530
137,Kennedy,Lintall,klintall3s@php.net,M,5/14/2001,,756.793.879.05,82387815
138,Albertina,Battlestone,abattlestone3t@google.com.au,F,1/28/1979,,756.161.152.49,04913144
139,Harald,Mellers,hmellers3u@freewebs.com,F,2/6/1935,,756.003.089.36,91253569
140,Daren,Klimpt,dklimpt3v@multiply.com,F,5/27/1936,,756.514.990.15,69112001
141,Jorgan,Hubbuck,jhubbuck3w@archive.org,M,11/2/1982,,756.482.719.76,66611076
142,Emlen,Egleton,eegleton3x@yelp.com,M,7/2/1935,,756.090.431.33,29429387
143,Brandea,Leathard,bleathard3y@t.co,F,1/10/1975,,756.546.621.01,79053319
144,Andee,Clawson,aclawson3z@arstechnica.com,F,7/12/1957,,756.092.446.86,44638209
145,Meriel,Shrubshall,mshrubshall40@shinystat.com,F,9/12/1940,,756.395.895.32,92378023
146,Astra,Vaux,avaux41@angelfire.com,M,2/6/1938,,756.261.012.71,93251009
147,Dolores,Huleatt,dhuleatt42@java.com,F,10/14/1945,,756.526.680.81,15797565
148,Rhonda,Clemot,rclemot43@bloomberg.com,F,3/18/1988,,756.798.095.09,27968208
149,Kiel,Bavidge,kbavidge44@ebay.co.uk,F,10/12/1931,,756.741.184.49,27652132
150,Emyle,Sharman,esharman45@google.com.br,F,12/4/1986,,756.750.965.88,25903457
151,Deb,Feasby,dfeasby46@imgur.com,F,6/10/1990,,756.311.116.50,19644988
152,Linell,Droogan,ldroogan47@cdbaby.com,F,6/7/1950,,756.239.251.05,55129981
153,Alden,Barbary,abarbary48@netscape.com,F,8/6/1985,,756.785.700.32,37711109
154,Kincaid,Goldsworthy,kgoldsworthy49@weibo.com,M,9/28/1954,,756.270.058.22,71944307
155,Lonee,Povah,lpovah4a@squarespace.com,M,2/17/2000,,756.317.486.04,09938912
156,Cornie,Pimlott,cpimlott4b@storify.com,F,6/11/1987,,756.379.734.47,09054342
157,Patrizius,Comi,pcomi4c@ucoz.ru,F,5/30/1983,,756.282.658.79,61588734
158,Elihu,Kenlin,ekenlin4d@nymag.com,F,3/13/1991,,756.724.355.49,36229844
159,Waly,Lightning,wlightning4e@illinois.edu,M,3/7/1985,,756.974.411.20,62469675
160,Gilles,O'Scollain,goscollain4f@prweb.com,M,8/25/1931,,756.284.216.64,22660408
161,Gennifer,Beacham,gbeacham4g@weebly.com,M,2/27/1949,,756.730.603.68,29337442
162,Russ,Leyes,rleyes4h@gravatar.com,F,6/28/1937,,756.991.814.96,81291758
163,Aline,Gilhooley,agilhooley4i@edublogs.org,M,10/17/1952,,756.902.141.11,02305170
164,Henri,Brozsset,hbrozsset4j@yelp.com,F,6/21/1996,,756.448.803.22,78789975
165,Adelle,Knatt,aknatt4k@europa.eu,F,9/4/1944,,756.528.372.09,22010409
166,Daniella,Dust,ddust4l@aol.com,F,12/3/1939,,756.460.171.12,55513311
167,Millicent,Sommerville,msommerville4m@spiegel.de,M,7/25/1954,,756.389.572.26,10137083
168,Yancey,Linay,ylinay4n@furl.net,M,11/19/1985,,756.170.895.96,30837273
169,Gertruda,Bubbear,gbubbear4o@nifty.com,M,3/2/1954,,756.449.294.37,06331967
170,Papageno,Tomkies,ptomkies4p@canalblog.com,M,5/30/1976,,756.063.284.68,60709152
171,Lynnelle,Caughte,lcaughte4q@meetup.com,M,1/1/1941,,756.000.197.07,31013909
172,Meggy,Andrys,mandrys4r@hexun.com,M,2/27/1968,,756.231.335.98,50064466
173,Ronnie,Patey,rpatey4s@amazonaws.com,M,7/26/1964,,756.488.060.69,17525380
174,Iolanthe,Obern,iobern4t@cargocollective.com,F,7/5/1946,,756.801.386.56,92676059
175,Karol,Siemandl,ksiemandl4u@symantec.com,M,12/24/1987,,756.712.877.29,31217654
176,Ivy,Smye,ismye4v@ocn.ne.jp,M,7/2/1958,,756.901.555.56,77083082
177,Nigel,Strothers,nstrothers4w@kickstarter.com,F,8/11/1929,,756.734.403.29,75352388
178,Michail,Pionter,mpionter4x@webs.com,F,11/7/1930,,756.693.439.58,92973988
179,Zacherie,Bentham,zbentham4y@ezinearticles.com,F,7/2/1966,,756.190.278.24,74550239
180,Emmie,Bridat,ebridat4z@dell.com,F,7/4/1974,,756.035.636.94,27856379
181,Sibbie,Carratt,scarratt50@goo.gl,M,3/17/1989,,756.988.793.90,83572535
182,Catherin,Pagen,cpagen51@people.com.cn,F,2/9/1986,,756.110.587.23,33366958
183,Krista,Iggo,kiggo52@nationalgeographic.com,M,1/8/1998,,756.401.824.63,81184241
184,Franz,Kinnier,fkinnier53@usnews.com,M,4/15/1956,,756.468.161.81,05871770
185,Hamnet,Benion,hbenion54@ed.gov,M,2/17/1989,,756.187.546.98,84718108
186,Karlene,Canty,kcanty55@github.com,M,10/13/2001,,756.708.655.05,78051519
187,Clemmie,Mingay,cmingay56@mac.com,F,8/4/1993,,756.310.919.26,90021328
188,Goran,Fitchen,gfitchen57@deviantart.com,M,8/15/1980,,756.554.395.03,50318661
189,Della,Nealey,dnealey58@craigslist.org,F,9/25/1978,,756.276.311.13,04634748
190,Melisandra,Fancy,mfancy59@oakley.com,F,5/31/1981,,756.252.953.34,77973068
191,Tasia,Petschel,tpetschel5a@xrea.com,M,9/2/1929,,756.473.113.83,81609034
192,Daisi,Randleson,drandleson5b@soup.io,F,7/3/1982,,756.790.267.33,04005653
193,Mariele,Addeycott,maddeycott5c@storify.com,F,10/20/1952,,756.536.522.95,05793249
194,Cathi,Kenwood,ckenwood5d@wikispaces.com,M,5/6/1945,,756.972.472.92,24991233
195,Agace,Isaacson,aisaacson5e@bravesites.com,M,3/24/1990,,756.217.463.57,17568637
196,Silvester,Elvidge,selvidge5f@marriott.com,F,4/26/1970,,756.528.669.67,70214676
197,Bartholomeus,Kibard,bkibard5g@bbb.org,F,5/4/1938,,756.449.056.55,07358395
198,Tod,Melville,tmelville5h@cmu.edu,F,8/19/1939,,756.414.967.64,63297142
199,Babbie,Slobom,bslobom5i@utexas.edu,M,11/27/1963,,756.421.765.05,57681485
200,Lincoln,Scammonden,lscammonden5j@patch.com,M,5/21/1962,,756.031.196.89,63010997
201,Tildie,Bowdery,tbowdery5k@dailymotion.com,F,11/22/1994,,756.555.637.47,05438267
202,Lian,Buddington,lbuddington5l@pcworld.com,M,6/16/1951,,756.321.413.09,29136688
203,Josiah,Saurin,jsaurin5m@mtv.com,F,5/14/1987,,756.424.262.28,65449948
204,Dew,Croy,dcroy5n@slate.com,F,6/1/1964,,756.452.815.20,42866077
205,Melisandra,Gisbey,mgisbey5o@cnbc.com,M,11/21/1944,,756.653.381.94,55370132
206,Gisella,Airy,gairy5p@elpais.com,F,12/15/1978,,756.318.787.57,93953135
207,Tripp,Sullly,tsullly5q@illinois.edu,M,1/7/1956,,756.414.894.07,64824709
208,Billie,Olifaunt,bolifaunt5r@hp.com,F,5/16/1936,,756.013.427.33,07386865
209,Leese,Plumtree,lplumtree5s@twitpic.com,F,4/25/1987,,756.268.852.00,81281027
210,Arney,Alejandre,aalejandre5t@timesonline.co.uk,F,5/10/1949,,756.223.373.06,92389934
211,Mikol,Gino,mgino5u@wiley.com,F,8/14/1998,,756.137.814.64,56784252
212,Herbie,Hinsch,hhinsch5v@ovh.net,M,11/4/1955,,756.706.077.89,10780005
213,Brier,Alflat,balflat5w@miitbeian.gov.cn,F,3/11/1968,,756.704.317.60,19763899
214,Noble,Beynkn,nbeynkn5x@netvibes.com,F,3/30/1958,,756.566.440.70,81971613
215,Heddi,Shoobridge,hshoobridge5y@altervista.org,M,4/23/1951,,756.787.081.03,57434430
216,Kit,Backes,kbackes5z@china.com.cn,M,11/30/1966,,756.296.253.17,50004721
217,Lonny,Burkinshaw,lburkinshaw60@behance.net,F,9/1/1995,,756.155.411.46,48972003
218,Abba,Pepperrall,apepperrall61@dagondesign.com,M,11/28/1966,,756.008.676.20,97625071
219,Rayner,Gecke,rgecke62@yellowbook.com,M,1/2/1977,,756.924.596.92,22685318
220,Odette,Robecon,orobecon63@pbs.org,F,10/13/1990,,756.761.794.67,31243723
221,Ricca,Casterou,rcasterou64@examiner.com,M,3/21/1949,,756.883.098.78,20876601
222,Ajay,Byer,abyer65@nhs.uk,F,10/9/2001,,756.805.092.28,62808116
223,Obadiah,O'Corrigane,oocorrigane66@friendfeed.com,F,6/27/1934,,756.197.412.09,49636365
224,Dorolisa,Gallymore,dgallymore67@woothemes.com,M,2/5/1986,,756.991.633.56,68311481
225,Ardeen,Geldeford,ageldeford68@nba.com,M,12/11/1986,,756.857.685.66,61705899
226,Filberto,Maffioletti,fmaffioletti69@clickbank.net,M,1/10/1963,,756.112.812.41,87074700
227,Odelia,Courage,ocourage6a@globo.com,F,7/5/1939,,756.980.270.32,47152692
228,Napoleon,Jantot,njantot6b@newyorker.com,F,6/25/1956,,756.447.579.01,41847652
229,Luciano,Leydon,lleydon6c@xinhuanet.com,F,12/19/1941,,756.065.445.94,88930381
230,Peggy,Jayme,pjayme6d@npr.org,F,5/20/1985,,756.560.625.37,16397228
231,Gabi,Kardos,gkardos6e@chronoengine.com,F,3/5/1994,,756.615.597.58,54257819
232,Ruthe,De Maine,rdemaine6f@eventbrite.com,M,12/11/1980,,756.091.921.54,92754059
233,Jonathan,Woodvine,jwoodvine6g@simplemachines.org,M,6/9/1965,,756.382.816.73,89017078
234,Chandler,Loache,cloache6h@go.com,F,6/11/1935,,756.791.818.21,85315748
235,Amanda,Gatcliff,agatcliff6i@over-blog.com,M,10/6/1934,,756.057.438.77,16508428
236,Hillary,Viste,hviste6j@yahoo.com,F,3/11/1941,,756.945.831.74,18313806
237,Nil,Topley,ntopley6k@mediafire.com,M,1/23/1987,,756.153.888.53,91426524
238,Margaux,Geikie,mgeikie6l@opensource.org,M,3/13/1943,,756.084.134.01,29497456
239,Irwin,Sollime,isollime6m@amazon.co.uk,M,1/13/1937,,756.821.386.66,25454598
240,Adelice,Benet,abenet6n@nba.com,F,3/28/1953,,756.832.033.61,86743609
241,Shermy,Baynes,sbaynes6o@cpanel.net,F,8/2/1984,,756.847.926.12,59804186
242,Ailene,Halleday,ahalleday6p@nps.gov,M,4/19/1997,,756.611.704.75,08548795
243,Shaylah,Eccles,seccles6q@dyndns.org,F,6/6/1945,,756.886.799.88,52648372
244,Leesa,Wippermann,lwippermann6r@jimdo.com,M,11/30/1993,,756.005.925.05,53366107
245,Angelico,Glanvill,aglanvill6s@ft.com,F,12/3/1963,,756.952.501.64,33945608
246,Herta,Morten,hmorten6t@irs.gov,M,4/14/1935,,756.177.154.49,95500788
247,Noreen,Meneyer,nmeneyer6u@sina.com.cn,M,12/2/1943,,756.736.910.71,26009805
248,Seamus,Spybey,sspybey6v@comcast.net,M,10/4/1937,,756.230.462.07,96756145
249,Isaak,Gerhold,igerhold6w@accuweather.com,M,1/22/1960,,756.701.667.98,80331156
250,Carmella,Foyle,cfoyle6x@typepad.com,F,2/18/1961,,756.920.493.08,74459048
251,Rheta,Brawson,rbrawson6y@google.ru,M,7/13/1983,,756.769.444.31,27508842
252,Llywellyn,Rosenfelder,lrosenfelder6z@unc.edu,F,8/29/1944,,756.360.928.15,96481967
253,Chen,Wilcinskis,cwilcinskis70@hexun.com,M,3/30/1986,,756.627.533.04,52164119
254,Giovanna,Furneaux,gfurneaux71@latimes.com,F,9/2/1986,,756.893.008.14,44560312
255,Mada,Rosentholer,mrosentholer72@businessinsider.com,M,3/8/1957,,756.020.534.82,16674767
256,Brett,Nangle,bnangle73@oracle.com,M,5/13/1980,,756.508.958.77,44040218
257,Gerome,Heilds,gheilds74@hc360.com,F,8/11/1987,,756.563.044.12,07712443
258,Norbert,Fairfull,nfairfull75@mozilla.org,M,10/25/1957,,756.659.230.02,24214024
259,Cull,Schoular,cschoular76@cloudflare.com,F,8/14/1995,,756.629.817.98,80010737
260,Deni,Dowse,ddowse77@foxnews.com,M,4/14/1966,,756.320.840.54,00131508
261,Torin,Bourbon,tbourbon78@yandex.ru,M,5/12/1973,,756.284.032.72,30865916
262,Berti,Ferns,bferns79@tripadvisor.com,F,8/27/1944,,756.727.337.57,86169569
263,Eugenio,Goozee,egoozee7a@wikispaces.com,F,1/21/1936,,756.830.579.49,23792653
264,Trescha,Stentiford,tstentiford7b@xinhuanet.com,M,11/8/1970,,756.747.525.49,09083906
265,Parnell,Titford,ptitford7c@guardian.co.uk,M,12/15/1998,,756.356.237.28,74632880
266,Liesa,Ikringill,likringill7d@unc.edu,F,7/30/1999,,756.674.313.64,31794597
267,Neysa,Krauze,nkrauze7e@fema.gov,M,2/9/2002,,756.086.619.13,44692399
268,Izabel,Playfoot,iplayfoot7f@uol.com.br,F,2/27/1998,,756.983.571.26,22203714
269,Laird,Alvaro,lalvaro7g@bandcamp.com,M,2/4/1953,,756.549.859.25,54344418
270,Carlie,Espinha,cespinha7h@prlog.org,F,1/20/1983,,756.389.681.39,40370493
271,Hallsy,Asch,hasch7i@shop-pro.jp,F,12/13/1954,,756.704.766.11,27051256
272,Zaria,Burgill,zburgill7j@technorati.com,F,7/25/1995,,756.148.930.69,59121156
273,Storm,Tatum,statum7k@ustream.tv,F,11/26/1978,,756.510.065.28,32795482
274,Sallie,Warcup,swarcup7l@wordpress.com,M,3/16/1932,,756.482.393.96,77339739
275,Reynard,Fiddy,rfiddy7m@xing.com,F,12/29/1998,,756.152.889.82,58809944
276,Jeff,Ouchterlony,jouchterlony7n@opera.com,M,6/20/1957,,756.074.008.82,82887508
277,Lion,Riggey,lriggey7o@netlog.com,M,7/8/1976,,756.312.329.75,48956931
278,Claudine,De Zamudio,cdezamudio7p@qq.com,M,8/13/1987,,756.877.435.64,36250672
279,Alayne,Escoffrey,aescoffrey7q@howstuffworks.com,F,2/8/1934,,756.779.129.10,36850355
280,Haskell,Jacob,hjacob7r@google.pl,M,5/25/1950,,756.941.631.81,11699963
281,Kerr,Barling,kbarling7s@cam.ac.uk,M,3/15/1947,4/11/2022,756.459.782.17,61136276
282,Zahara,Channer,zchanner7t@wsj.com,M,1/5/1979,,756.693.541.11,97510122
283,Kirbee,Simounet,ksimounet7u@tiny.cc,M,7/13/1963,,756.603.983.00,75211559
284,Maxie,Pretti,mpretti7v@yandex.ru,F,6/27/1988,,756.127.400.38,85071727
285,Joscelin,Bottom,jbottom7w@nytimes.com,F,10/7/1972,,756.603.182.10,65477962
286,Maren,Mummery,mmummery7x@ebay.co.uk,F,5/4/1964,,756.042.634.76,86103467
287,Melamie,Earle,mearle7y@wikipedia.org,F,12/8/1998,,756.848.187.73,42196247
288,Egan,D'Aulby,edaulby7z@wiley.com,F,2/25/1961,,756.098.434.48,81727949
289,Jameson,Streeter,jstreeter80@gizmodo.com,F,8/19/1959,,756.645.213.48,89431345
290,Manon,Ambage,mambage81@acquirethisname.com,M,11/5/1951,,756.241.590.52,21651856
291,Jeniece,Bloom,jbloom82@hhs.gov,M,9/29/1934,,756.847.334.81,08561424
292,Kaylyn,Labb,klabb83@github.com,F,3/25/1984,11/26/2008,756.635.293.02,67505538
293,Deloris,Blaes,dblaes84@businesswire.com,M,1/12/1941,,756.787.152.99,27083243
294,Sheelagh,Cartmill,scartmill85@nationalgeographic.com,F,4/9/1973,,756.033.717.79,98975494
295,Caryn,Timmes,ctimmes86@blogtalkradio.com,F,1/3/1977,,756.667.069.51,82991212
296,Gunner,Scorer,gscorer87@ebay.co.uk,M,8/21/1984,,756.816.436.27,91711333
297,Halette,Bernardes,hbernardes88@netvibes.com,F,5/21/1955,,756.493.565.08,12175115
298,Lora,Stuer,lstuer89@amazon.co.uk,F,6/4/1985,,756.832.837.18,11128119
299,Luciana,Pashe,lpashe8a@theglobeandmail.com,M,7/9/1988,,756.477.326.02,44710597
300,Dusty,Filtness,dfiltness8b@weather.com,F,9/30/1938,,756.267.310.72,10216517
301,Abe,Hounsom,ahounsom8c@ft.com,F,1/20/1968,,756.700.178.94,78192755
302,Basilio,Bento,bbento8d@princeton.edu,M,3/6/1962,,756.119.101.18,30683082
303,Glenn,Ogers,gogers8e@usa.gov,M,2/25/1935,,756.105.338.67,52140129
304,Karia,Cottom,kcottom8f@wikimedia.org,F,12/27/1934,,756.737.045.68,88726863
305,Torrance,Minithorpe,tminithorpe8g@virginia.edu,M,12/24/1949,4/25/2021,756.308.508.17,35437715
306,Clay,Scamadine,cscamadine8h@hexun.com,F,7/13/1940,,756.663.628.39,98330452
307,Lettie,Tulloch,ltulloch8i@unesco.org,F,9/12/1958,,756.218.519.35,58594801
308,Stanly,Lillegard,slillegard8j@prlog.org,M,12/31/1965,,756.600.738.97,66210140
309,Darelle,Saggs,dsaggs8k@dell.com,F,10/22/1957,,756.377.375.35,34405545
310,Janaye,Birdsey,jbirdsey8l@gravatar.com,M,9/29/1992,,756.022.317.11,13344600
311,Sabine,Guerro,sguerro8m@webeden.co.uk,F,4/25/1944,,756.082.143.38,11716561
312,Andria,Arpur,aarpur8n@reuters.com,F,7/12/1967,,756.690.087.34,17590245
313,Theobald,Batty,tbatty8o@desdev.cn,M,10/11/1975,,756.752.471.16,27194638
314,Forest,Mines,fmines8p@ftc.gov,F,3/11/1959,,756.868.062.36,50379724
315,Annette,Alpe,aalpe8q@plala.or.jp,F,6/21/1968,,756.829.275.24,37773709
316,Hamlin,Bartczak,hbartczak8r@friendfeed.com,M,2/8/1970,,756.993.745.43,43538348
317,Pammie,Scrancher,pscrancher8s@engadget.com,F,1/11/1955,,756.003.911.02,89195329
318,Georgi,Jekel,gjekel8t@cyberchimps.com,M,8/30/1933,,756.176.675.06,61497072
319,Marlo,Gabey,mgabey8u@mayoclinic.com,F,11/3/1994,,756.797.419.47,46433428
320,Kira,Carnoghan,kcarnoghan8v@comcast.net,F,11/5/1988,,756.052.822.44,30787638
321,Abbey,Curror,acurror8w@mit.edu,M,1/9/1938,,756.887.664.87,42069134
322,Fionnula,Wards,fwards8x@goodreads.com,F,5/24/1965,8/28/2014,756.724.970.72,52676499
323,Vivianne,McQuorkel,vmcquorkel8y@opensource.org,F,12/3/1963,,756.944.418.14,77913179
324,Henrie,Bunston,hbunston8z@hhs.gov,M,11/28/1962,,756.843.267.57,67531028
325,Arlana,Brightwell,abrightwell90@marketwatch.com,M,10/12/1959,,756.831.993.53,31199982
326,Malinde,Davis,mdavis91@adobe.com,M,8/6/1981,,756.204.345.16,89095357
327,Margot,Bleackley,mbleackley92@ehow.com,F,5/31/1953,,756.135.616.82,87514964
328,Penni,Tilmouth,ptilmouth93@slashdot.org,F,3/14/1950,,756.874.102.96,76271040
329,Annette,Soutar,asoutar94@qq.com,M,3/10/1954,,756.806.357.63,96661796
330,Engelbert,Ghest,eghest95@netvibes.com,M,7/7/1957,,756.413.756.52,79976095
331,Blair,Luxen,bluxen96@prnewswire.com,F,12/6/1935,,756.841.135.03,75288348
332,Reinaldo,Lamps,rlamps97@dyndns.org,F,6/3/1952,,756.568.616.39,00808358
333,Vera,Aers,vaers98@reference.com,F,7/11/1975,,756.197.618.44,55385978
334,Bobbe,Calderonello,bcalderonello99@cmu.edu,F,1/25/1945,,756.448.699.10,37141398
335,Carlina,Fern,cfern9a@icq.com,F,6/30/1991,,756.861.052.76,28021857
336,Augustine,Yearns,ayearns9b@jugem.jp,F,9/5/1977,10/31/2013,756.895.297.24,88275838
337,Ivett,Sammars,isammars9c@nationalgeographic.com,F,12/26/1997,,756.307.627.05,83350186
338,Madalyn,Wallas,mwallas9d@mozilla.org,M,9/8/1962,,756.440.818.16,92974903
339,Cathryn,Kennelly,ckennelly9e@linkedin.com,M,7/8/2000,,756.314.969.35,52191917
340,Joelle,Hacard,jhacard9f@free.fr,F,5/9/1943,,756.310.878.92,70403015
341,Nye,Studdert,nstuddert9g@creativecommons.org,F,8/19/1991,,756.064.591.59,68632306
342,Nanci,Heiner,nheiner9h@wikimedia.org,M,9/18/1946,,756.946.981.10,93166806
343,Ellery,Leverton,eleverton9i@cnn.com,F,6/13/1990,,756.330.566.83,66272588
344,Alonzo,Ghiraldi,aghiraldi9j@goodreads.com,F,5/8/1950,,756.991.067.66,09179241
345,Antonio,Trittam,atrittam9k@bizjournals.com,M,1/2/1936,,756.469.091.44,36432896
346,Wilden,Amberg,wamberg9l@unicef.org,M,12/22/1979,,756.153.667.63,80430985
347,Corny,Flatte,cflatte9m@pagesperso-orange.fr,M,2/13/1976,,756.724.630.13,55967597
348,Leticia,Balkwill,lbalkwill9n@hp.com,F,4/15/1986,,756.847.209.03,02934610
349,Tyson,Eke,teke9o@wufoo.com,F,12/15/1960,,756.067.980.70,56572036
350,Antoine,Vyvyan,avyvyan9p@arstechnica.com,M,4/24/1990,,756.041.531.03,54768638
351,Noreen,Josifovic,njosifovic9q@sun.com,M,11/25/1952,,756.813.012.25,29492382
352,Will,Yea,wyea9r@salon.com,M,4/12/2002,,756.903.769.88,36717127
353,Mead,Castelot,mcastelot9s@phpbb.com,F,5/18/1955,,756.672.466.27,02232285
354,Lek,Khomich,lkhomich9t@comcast.net,F,12/30/1978,,756.527.321.51,29362198
355,Hildegarde,Ambrozewicz,hambrozewicz9u@ask.com,F,4/18/1972,,756.218.021.78,49708219
356,Burr,Milan,bmilan9v@tmall.com,F,7/24/1966,,756.850.760.34,32082212
357,Ricki,Edleston,redleston9w@devhub.com,M,8/25/1961,,756.230.923.11,97572073
358,Bancroft,Hoston,bhoston9x@cornell.edu,F,7/19/1952,,756.576.494.78,09506857
359,Keefer,Igglesden,kigglesden9y@last.fm,M,5/24/1946,,756.599.004.53,45622223
360,Baxy,Chimienti,bchimienti9z@jigsy.com,M,7/23/1963,,756.605.073.57,35843209
361,Gerda,Bartleet,gbartleeta0@edublogs.org,M,3/13/1931,,756.397.601.59,00825276
362,Cristabel,Caudrey,ccaudreya1@themeforest.net,M,10/5/1966,,756.596.795.68,70770308
363,Bobbi,Abatelli,babatellia2@amazon.de,M,5/7/1970,,756.711.162.27,52739562
364,Natka,Dearman,ndearmana3@discuz.net,M,11/24/1981,,756.068.827.19,02187972
365,Fianna,Brandenberg,fbrandenberga4@baidu.com,F,7/20/1969,,756.193.146.98,62662729
366,Loreen,Seeman,lseemana5@huffingtonpost.com,M,1/30/1968,,756.080.542.19,12212104
367,Araldo,O'Deoran,aodeorana6@craigslist.org,F,3/12/1979,,756.531.060.51,48639075
368,Sabrina,Linch,slincha7@t.co,F,12/8/1981,,756.678.232.01,37097428
369,Harlen,Kilford,hkilforda8@bloomberg.com,F,8/13/1936,,756.828.031.34,75716373
370,Massimiliano,Rowberry,mrowberrya9@vistaprint.com,F,5/24/1983,,756.485.639.57,60490182
371,Cathlene,Espinosa,cespinosaaa@youtube.com,F,4/27/1947,,756.342.992.31,23305197
372,Tove,Leupoldt,tleupoldtab@example.com,F,11/17/2001,,756.163.004.69,70873873
373,Jeremie,Booth,jboothac@mit.edu,M,3/28/1951,,756.414.612.27,93900088
374,Ira,Mawditt,imawdittad@dedecms.com,F,10/10/1934,,756.139.169.74,10416710
375,Reiko,Carles,rcarlesae@studiopress.com,F,5/1/1996,,756.969.645.55,14369247
376,Jay,Henaughan,jhenaughanaf@yahoo.co.jp,M,6/22/1948,,756.945.056.75,51515121
377,Benedetto,McAlindon,bmcalindonag@uol.com.br,M,1/4/1960,,756.956.057.92,59542787
378,Jacobo,Cortin,jcortinah@free.fr,F,8/23/1957,,756.787.883.61,98226799
379,Georgeanne,Gawkes,ggawkesai@nps.gov,M,4/18/1967,,756.846.138.55,11690682
380,Beryle,Boatright,bboatrightaj@51.la,F,5/20/1998,,756.069.723.90,42334261
381,Edan,Alti,ealtiak@answers.com,F,9/15/1958,,756.881.936.70,94629753
382,Deeyn,Tonkin,dtonkinal@china.com.cn,M,7/25/1942,,756.609.858.96,67634915
383,Lynsey,Pavluk,lpavlukam@ezinearticles.com,F,5/18/1945,,756.582.608.90,52268644
384,Mary,Beste,mbestean@nyu.edu,F,7/28/1973,,756.185.091.31,26830953
385,Siana,Waller-Bridge,swallerbridgeao@hao123.com,M,5/16/1965,,756.296.281.88,87017291
386,Melody,Gradwell,mgradwellap@globo.com,F,11/22/1963,,756.714.786.59,54080156
387,Eudora,Chorlton,echorltonaq@shop-pro.jp,F,5/15/1984,,756.842.718.42,56375061
388,Garald,Siene,gsienear@aol.com,F,2/7/1959,,756.136.403.99,55350936
389,Eustacia,Reeds,ereedsas@1und1.de,M,6/22/1970,,756.506.429.84,12903842
390,Berton,Mourton,bmourtonat@de.vu,M,11/30/1936,,756.724.486.96,47991389
391,Clo,Blondelle,cblondelleau@abc.net.au,F,5/15/1941,,756.752.696.49,24432250
392,Aluin,Esser,aesserav@mediafire.com,M,10/15/1946,,756.023.545.75,16175068
393,Tripp,Corragan,tcorraganaw@wp.com,M,6/26/1930,,756.090.398.62,67923513
394,Alf,Yeude,ayeudeax@theatlantic.com,M,8/3/1968,,756.824.586.77,61795666
395,Rafaelia,Bleaden,rbleadenay@biblegateway.com,M,5/3/1935,,756.729.367.02,79651521
396,Imelda,Ogilby,iogilbyaz@soup.io,M,9/20/1929,,756.101.045.83,99516889
397,Darrin,Cape,dcapeb0@skyrock.com,F,8/18/1985,,756.822.117.82,10422389
398,Carmine,Andrin,candrinb1@smugmug.com,F,1/27/1980,,756.460.774.47,65996876
399,Shelli,Danielsohn,sdanielsohnb2@senate.gov,F,5/13/1969,,756.004.639.19,57707454
400,Kassey,Rigmond,krigmondb3@example.com,F,11/16/1962,,756.314.227.61,32452083
401,Jewel,Mulchrone,jmulchroneb4@ustream.tv,M,3/17/1997,,756.142.241.05,32105377
402,Sly,Inkpen,sinkpenb5@youtube.com,F,10/28/1953,,756.182.157.36,39850897
403,Barnebas,MacKaig,bmackaigb6@comcast.net,F,4/11/1986,8/5/2022,756.419.367.01,26779509
404,Nealson,Swinden,nswindenb7@kickstarter.com,F,12/19/1970,,756.964.635.31,74183003
405,Saundra,Frankland,sfranklandb8@ehow.com,M,12/15/1958,,756.217.330.07,03517206
406,Tamqrah,Tedman,ttedmanb9@joomla.org,M,12/23/2001,,756.965.006.77,81210418
407,Austen,Plak,aplakba@yolasite.com,F,4/8/1940,,756.390.254.50,08023220
408,Monte,Wands,mwandsbb@mtv.com,M,11/18/1955,,756.207.646.39,62466778
409,Cordie,Moakson,cmoaksonbc@ow.ly,F,11/4/1977,,756.691.324.62,76996879
410,Jessa,Puddefoot,jpuddefootbd@ca.gov,F,4/21/1981,,756.762.530.89,60318563
411,Gregoor,Pidler,gpidlerbe@hc360.com,F,9/9/1943,,756.897.419.36,16597608
412,Giusto,Darrach,gdarrachbf@indiegogo.com,F,3/2/2000,,756.901.041.70,07974827
413,Barny,Slite,bslitebg@nbcnews.com,M,3/13/1972,,756.235.824.38,17980064
414,Burke,McCromley,bmccromleybh@vimeo.com,M,5/17/1933,,756.385.298.05,63357439
415,Leeanne,Calderhead,lcalderheadbi@foxnews.com,M,7/22/1999,,756.455.169.16,06591411
416,Jase,De la Eglise,jdelaeglisebj@geocities.com,M,9/18/1997,,756.984.001.95,39739667
417,Burlie,Szabo,bszabobk@nature.com,F,5/23/1982,,756.490.077.40,36820645
418,Jaquelin,Claughton,jclaughtonbl@indiatimes.com,M,10/15/1946,,756.081.440.09,27299147
419,Karol,Hounsome,khounsomebm@barnesandnoble.com,F,8/19/1933,,756.407.571.86,87230841
420,Zulema,Rounding,zroundingbn@google.de,F,1/29/1933,,756.183.434.34,13589177
421,Devan,Freestone,dfreestonebo@parallels.com,F,12/2/1973,11/22/2023,756.946.452.89,92112573
422,Micky,Ilyas,milyasbp@webs.com,M,8/4/1965,6/21/2010,756.214.610.91,90857012
423,Lothaire,Redwood,lredwoodbq@webmd.com,M,10/24/1950,,756.742.226.25,06674059
424,Christy,Ettridge,cettridgebr@squidoo.com,M,8/15/1998,,756.572.083.88,81516454
425,Dorice,Dolohunty,ddolohuntybs@state.tx.us,F,8/14/1994,,756.199.281.78,45149009
426,Northrup,Vaggs,nvaggsbt@nbcnews.com,F,3/21/2002,,756.176.076.90,95009200
427,Beau,Paddeley,bpaddeleybu@dedecms.com,F,9/1/1974,,756.173.090.82,46188357
428,Morlee,Colbourne,mcolbournebv@bbc.co.uk,F,10/1/2001,,756.298.720.08,75216459
429,Dru,Colquhoun,dcolquhounbw@ed.gov,M,9/9/1951,,756.540.809.41,66914190
430,Barnard,Ravens,bravensbx@lulu.com,F,9/30/1985,,756.236.760.16,19166354
431,Bradney,Exter,bexterby@biglobe.ne.jp,F,12/24/2001,,756.880.425.99,79240311
432,Lucienne,Phalip,lphalipbz@wikispaces.com,F,10/10/1950,,756.150.257.47,18238795
433,Lowe,Cawson,lcawsonc0@amazon.co.jp,F,3/14/1933,,756.706.038.17,78794517
434,Felicity,Kennea,fkenneac1@wp.com,F,7/27/1997,,756.192.762.49,63402946
435,Ezmeralda,Lenoir,elenoirc2@marriott.com,F,11/11/1955,,756.083.750.36,94381958
436,Agata,Callery,acalleryc3@domainmarket.com,M,4/3/1985,,756.256.196.83,94280090
437,Xerxes,List,xlistc4@ted.com,F,12/2/2001,,756.429.563.45,98075444
438,Ogdon,Eliet,oelietc5@theglobeandmail.com,F,12/6/1997,,756.560.060.40,64934751
439,Bartram,Fould,bfouldc6@vimeo.com,F,11/19/1994,,756.407.007.32,03485742
440,Eve,Wrought,ewroughtc7@cbsnews.com,F,8/25/1942,,756.577.625.01,62542752
441,Durante,Leppingwell,dleppingwellc8@com.com,F,11/6/1954,,756.861.472.08,65724558
442,Mahalia,Brunotti,mbrunottic9@1und1.de,M,8/1/1952,,756.896.274.62,42122508
443,Fina,Lapish,flapishca@so-net.ne.jp,M,3/26/1949,,756.801.279.81,39220256
444,Timi,Gallico,tgallicocb@reddit.com,F,4/12/1970,,756.050.080.72,16062039
445,Lief,Fake,lfakecc@cargocollective.com,F,2/23/1956,,756.667.473.53,01365918
446,Gibby,Dikles,gdiklescd@house.gov,F,7/20/1943,,756.263.922.56,41475372
447,Goldarina,Pea,gpeace@google.it,F,9/24/1984,,756.952.925.07,86361453
448,Diane,Eefting,deeftingcf@ucla.edu,M,7/29/2000,,756.040.466.01,52235592
449,Veda,Dowry,vdowrycg@go.com,F,11/14/1976,,756.900.617.84,95823168
450,Tybalt,Surman,tsurmanch@microsoft.com,F,3/23/1953,,756.694.190.83,91736908
451,Adrian,Brownill,abrownillci@eventbrite.com,M,10/4/1996,,756.109.802.81,09877003
452,Florette,Jendas,fjendascj@istockphoto.com,M,5/16/1975,,756.962.778.33,31798790
453,Baron,Kildale,bkildaleck@github.io,M,6/17/1960,,756.296.192.09,00384424
454,Jarvis,Piddocke,jpiddockecl@wiley.com,F,1/12/1959,,756.781.278.19,31211554
455,Tobe,Royle,troylecm@cpanel.net,F,7/8/1966,,756.154.187.76,00118689
456,Faunie,Brane,fbranecn@hubpages.com,M,10/4/1974,,756.077.451.08,29882002
457,Giffard,Hubberstey,ghubbersteyco@google.com,F,8/24/1946,,756.656.704.97,18390853
458,Cody,MacClinton,cmacclintoncp@mapy.cz,M,8/4/1980,,756.712.331.65,71102225
459,Sydney,Haighton,shaightoncq@geocities.jp,M,4/19/1959,,756.631.179.62,79809627
460,Laverne,Franey,lfraneycr@fc2.com,M,7/24/1945,,756.706.326.34,02039659
461,Chelsea,Havock,chavockcs@economist.com,F,10/29/1964,,756.309.394.67,29021823
462,Ginny,Roache,groachect@yahoo.co.jp,M,12/26/1931,,756.233.139.54,47362457
463,Neron,Lankford,nlankfordcu@furl.net,F,1/26/1950,,756.664.402.90,42571981
464,Benjamin,Bloyes,bbloyescv@example.com,F,11/6/1939,,756.671.046.19,18095583
465,Lucia,Braksper,lbrakspercw@smugmug.com,F,1/28/1976,,756.989.884.20,89221767
466,Hollis,Hassard,hhassardcx@paginegialle.it,M,7/16/1956,,756.311.600.18,74132210
467,Menard,Japp,mjappcy@dropbox.com,M,7/22/1972,,756.305.229.89,45012409
468,Maddy,Slyford,mslyfordcz@fda.gov,F,7/5/1977,,756.829.393.03,57150203
469,Ola,Beton,obetond0@google.co.uk,F,2/28/1974,,756.092.898.89,37330967
470,Verile,Wurst,vwurstd1@themeforest.net,M,2/21/1995,,756.003.331.63,93197787
471,Charita,Ajean,cajeand2@gov.uk,F,5/27/1975,,756.149.782.23,99081958
472,Gary,Riggott,griggottd3@google.de,F,11/7/1997,,756.753.170.03,05543560
473,Ruthann,Dessant,rdessantd4@cyberchimps.com,M,9/23/1970,,756.371.211.32,61271924
474,Ara,Izkovitch,aizkovitchd5@vistaprint.com,F,1/5/1998,,756.929.806.35,55838051
475,Montgomery,Siddele,msiddeled6@wikispaces.com,F,8/12/1968,,756.132.798.29,83780189
476,Quintina,MacMaster,qmacmasterd7@mozilla.com,F,6/19/1994,,756.558.341.76,68817789
477,Vinnie,O'Shirine,voshirined8@dot.gov,F,11/19/1981,,756.638.696.70,16171708
478,Obed,Scripps,oscrippsd9@artisteer.com,F,8/26/1935,,756.951.007.39,67088306
479,Sherri,Goozee,sgoozeeda@google.com.hk,F,3/16/1991,,756.578.373.09,82186613
480,Cissy,Jackett,cjackettdb@deliciousdays.com,F,4/5/1939,,756.611.578.81,85303555
481,Delphine,Matussevich,dmatussevichdc@google.ru,M,10/19/2001,,756.404.414.53,03326388
482,Kiel,Berrey,kberreydd@netlog.com,M,4/7/1995,,756.788.432.92,96036279
483,Diann,Doak,ddoakde@reference.com,M,12/20/1969,,756.236.069.46,19869080
484,Michail,Welden,mweldendf@miibeian.gov.cn,M,12/21/2000,,756.033.044.38,23639907
485,Tawnya,Slisby,tslisbydg@bloglines.com,M,5/31/1943,,756.033.857.00,13973820
486,Liuka,Lammerts,llammertsdh@chronoengine.com,M,3/27/2002,,756.750.634.40,61591618
487,Jaquenetta,Gurnett,jgurnettdi@vkontakte.ru,M,7/24/1950,,756.191.063.78,89650765
488,Clywd,Bonwick,cbonwickdj@businessweek.com,F,7/5/1976,,756.363.536.61,89562775
489,Bertha,Raith,braithdk@chronoengine.com,M,12/4/1952,,756.809.599.73,87769155
490,Giffard,Rochell,grochelldl@whitehouse.gov,M,2/9/1974,,756.917.466.81,73823876
491,Nicki,Jell,njelldm@ehow.com,M,5/10/1953,,756.436.486.45,90990412
492,Yorker,Elvish,yelvishdn@japanpost.jp,F,9/14/1949,,756.837.350.31,97596512
493,Frederica,Haylett,fhaylettdo@marriott.com,F,2/8/1945,,756.869.687.08,68490332
494,Merralee,Salomon,msalomondp@1und1.de,F,11/21/1937,,756.973.767.17,69895088
495,Adeline,Lorenc,alorencdq@sphinn.com,M,12/4/1952,,756.624.555.83,51565751
496,Courtnay,Loggie,cloggiedr@addthis.com,M,5/14/1964,,756.291.192.25,95428862
497,Barney,Dominick,bdominickds@imageshack.us,F,1/26/1942,,756.620.893.61,01609053
498,Roberto,Pain,rpaindt@arizona.edu,F,2/13/1945,,756.692.515.31,00416953
499,Allie,Guwer,aguwerdu@yale.edu,F,2/17/1957,,756.827.861.37,30779417
500,Rosana,Dobrovolski,rdobrovolskidv@typepad.com,F,6/17/1985,,756.611.791.12,14196331
501,Charles,Llywarch,cllywarchdw@squidoo.com,M,11/23/1976,,756.383.738.14,94012113
502,Orsa,Iskov,oiskovdx@shinystat.com,F,1/3/1972,,756.510.832.82,93148401
503,Umberto,Dumphy,udumphydy@ifeng.com,M,5/21/1957,,756.036.007.69,02267800
504,Lila,Lashley,llashleydz@hatena.ne.jp,M,11/14/1980,,756.755.837.08,27453207
505,Dewain,Starsmeare,dstarsmearee0@usda.gov,M,6/18/1938,6/1/2019,756.182.395.27,71358819
506,Marijo,Zuanazzi,mzuanazzie1@patch.com,M,8/26/1979,,756.373.397.51,46065712
507,Krisha,Crassweller,kcrasswellere2@hexun.com,F,2/14/1957,4/12/2016,756.965.428.03,23755491
508,Jean,Snoxell,jsnoxelle3@cnbc.com,F,1/1/1979,,756.973.006.94,11554046
509,Fan,Barrar,fbarrare4@cargocollective.com,F,2/14/1952,,756.367.439.62,86036917
510,Giustina,Cantillon,gcantillone5@google.it,M,1/24/1946,,756.715.807.68,09810567
511,Aura,Barnardo,abarnardoe6@fotki.com,F,10/16/1973,,756.231.102.56,66575773
512,Cristina,Ortell,cortelle7@edublogs.org,F,12/24/1934,,756.546.421.89,00728596
513,Melany,Kinkead,mkinkeade8@cmu.edu,M,5/30/1973,,756.215.067.14,77263554
514,Osborne,Wooffitt,owooffitte9@fastcompany.com,M,1/27/1976,,756.990.951.55,44584679
515,Pierre,Fuzzard,pfuzzardea@accuweather.com,F,5/19/1947,,756.009.568.48,30122832
516,Laverna,Ruos,lruoseb@whitehouse.gov,M,7/9/1954,,756.655.338.97,32647522
517,Hakeem,Broadis,hbroadisec@yellowbook.com,M,10/6/1945,,756.097.154.98,42368476
518,Elfie,Brennand,ebrennanded@smugmug.com,M,7/18/1997,,756.546.375.71,02267215
519,Perren,Kyles,pkylesee@berkeley.edu,M,11/17/1981,,756.867.199.19,86112761
520,Sibilla,Luckin,sluckinef@house.gov,M,9/24/1980,,756.089.041.52,06306814
521,Tanney,Saile,tsaileeg@exblog.jp,M,4/16/1991,,756.239.552.71,35175535
522,Bryn,Carle,bcarleeh@devhub.com,F,11/9/1962,,756.156.204.26,02927390
523,Borden,Relf,brelfei@netscape.com,F,6/15/1959,,756.892.543.78,93584421
524,Iris,Kenford,ikenfordej@bluehost.com,M,7/29/1946,,756.412.695.44,48214493
525,Quintus,Couronne,qcouronneek@jigsy.com,F,3/15/1994,,756.557.564.68,71161859
526,Kylie,Britto,kbrittoel@arizona.edu,M,12/23/1992,,756.941.558.57,70600876
527,Annmarie,Rizzone,arizzoneem@google.fr,M,1/16/1957,,756.695.835.53,83545100
528,Camel,Mulles,cmullesen@foxnews.com,F,3/2/1988,,756.815.632.57,34318891
529,Hulda,Bamber,hbambereo@yahoo.com,F,10/10/1929,,756.681.620.68,44167609
530,Shandra,Lovitt,slovittep@foxnews.com,F,11/11/1935,,756.604.632.58,49612486
531,Gard,MacCawley,gmaccawleyeq@epa.gov,M,11/26/1997,,756.502.667.41,93510223
532,Frankie,Corns,fcornser@msu.edu,F,1/19/1979,,756.764.610.07,12577095
533,Gilbertine,Kordes,gkordeses@cbsnews.com,M,5/30/1937,,756.560.611.28,28719776
534,Alia,Bras,abraset@gravatar.com,F,6/19/1949,,756.083.816.20,71091940
535,Hannis,Dincke,hdinckeeu@drupal.org,M,2/17/1960,,756.629.695.02,37144586
536,Abdel,Rivalant,arivalantev@lycos.com,F,9/12/1984,,756.628.131.63,92258039
537,Elspeth,Van Weedenburg,evanweedenburgew@digg.com,F,3/6/1932,,756.386.119.85,34559101
538,Aviva,Orgee,aorgeeex@networkadvertising.org,F,8/19/1979,,756.694.236.09,85125755
539,Lorry,McBayne,lmcbayneey@hud.gov,M,1/29/1953,,756.921.640.36,45476764
540,Mycah,Kauble,mkaubleez@wordpress.org,F,9/24/1932,,756.465.201.47,76692560
541,Ethelred,Ousley,eousleyf0@answers.com,F,2/24/1983,,756.051.729.52,05518958
542,Shanda,Rubanenko,srubanenkof1@tiny.cc,F,8/23/1940,,756.419.107.65,82512566
543,Priscilla,MacGillacolm,pmacgillacolmf2@cbslocal.com,F,3/29/1997,9/16/2018,756.087.040.53,08535871
544,Cameron,Nutbrown,cnutbrownf3@marketwatch.com,M,2/8/1966,,756.025.889.21,80749591
545,Clemmy,Pester,cpesterf4@census.gov,M,5/1/1960,,756.443.118.00,17039820
546,Dave,Antecki,danteckif5@bandcamp.com,M,11/12/1977,,756.713.218.68,16425026
547,Corissa,Adnett,cadnettf6@weather.com,F,7/9/1954,,756.150.462.22,91030326
548,Eadith,Golledge,egolledgef7@europa.eu,F,4/16/1973,,756.300.032.62,00951211
549,Clementine,Gatheral,cgatheralf8@guardian.co.uk,F,12/28/1967,,756.814.173.56,80635708
550,Eve,Vasilchikov,evasilchikovf9@cam.ac.uk,F,12/21/1965,,756.057.018.35,00181198
551,Jamie,Gow,jgowfa@myspace.com,F,11/9/1974,,756.548.412.17,86343305
552,Garret,Van Castele,gvancastelefb@github.io,M,11/19/1982,,756.866.659.84,28028225
553,Damaris,Jacob,djacobfc@sitemeter.com,M,10/21/1932,,756.911.229.47,04302342
554,Chiarra,Haythorne,chaythornefd@sohu.com,M,8/23/1989,,756.073.849.76,47993249
555,Vladamir,Di Biasi,vdibiasife@feedburner.com,F,8/30/1980,,756.796.171.56,84491216
556,August,Ayris,aayrisff@dyndns.org,F,5/2/1957,,756.646.547.43,15149649
557,Fee,Stockbridge,fstockbridgefg@scientificamerican.com,M,5/4/1975,,756.593.204.48,75908608
558,Vida,Jochen,vjochenfh@cargocollective.com,M,9/28/1985,,756.867.538.92,33896645
559,Perceval,Noke,pnokefi@google.com.hk,F,3/31/1935,,756.762.883.15,62834798
560,Ami,Slott,aslottfj@hibu.com,F,3/21/1996,,756.685.278.55,75032185
561,Dion,Laver,dlaverfk@seattletimes.com,F,3/14/1932,10/8/2017,756.871.706.98,21937126
562,Eugene,Jowers,ejowersfl@goo.ne.jp,M,11/24/1943,,756.305.568.93,53746378
563,Alvira,Roloff,arolofffm@auda.org.au,F,11/16/1978,,756.669.221.67,57468382
564,Ashbey,Grinikhin,agrinikhinfn@ustream.tv,F,7/20/1992,,756.901.487.87,08315081
565,Nevins,Quilleash,nquilleashfo@google.com,M,10/2/1936,,756.338.177.27,87293601
566,Solly,Bumfrey,sbumfreyfp@kickstarter.com,F,8/10/1996,,756.131.852.08,50842346
567,Maud,Lambert,mlambertfq@google.fr,F,6/5/1998,,756.741.031.64,35700661
568,Lesley,Czajkowska,lczajkowskafr@nasa.gov,M,3/22/1972,12/21/2008,756.352.837.88,63138740
569,Elroy,Ascough,eascoughfs@squarespace.com,M,4/18/1957,,756.417.956.73,54354382
570,Kippar,Benedettini,kbenedettinift@altervista.org,M,1/8/1962,,756.117.109.42,08788551
571,Lynn,Shovelbottom,lshovelbottomfu@homestead.com,F,6/28/1940,,756.156.462.96,07558858
572,Kevin,Stollenwerck,kstollenwerckfv@zimbio.com,F,1/9/1996,1/22/2017,756.870.614.36,39776954
573,Cyndie,Lagne,clagnefw@un.org,M,11/17/1963,,756.711.298.78,13371172
574,Victor,Lansdowne,vlansdownefx@blinklist.com,F,1/13/1953,,756.348.566.50,35856994
575,Hadleigh,Goodyear,hgoodyearfy@twitpic.com,M,2/25/1995,,756.270.662.39,76758770
576,Liam,Ivanishchev,livanishchevfz@arstechnica.com,M,9/17/1929,,756.664.469.71,56119149
577,Ilaire,Ridges,iridgesg0@slashdot.org,F,1/20/1950,,756.020.617.56,59324378
578,Ferdinande,Cloughton,fcloughtong1@xrea.com,F,11/21/1946,,756.818.568.13,27120148
579,Rafi,Blandamore,rblandamoreg2@japanpost.jp,M,8/16/2001,,756.757.684.74,19168136
580,Antonino,Acklands,aacklandsg3@canalblog.com,F,6/26/1999,,756.001.926.56,56865231
581,Bradley,Akram,bakramg4@wordpress.com,F,6/10/2000,,756.269.256.08,81287362
582,Tate,Newlove,tnewloveg5@blinklist.com,F,12/18/1962,,756.111.766.67,26250332
583,Aurelea,Alcock,aalcockg6@pbs.org,M,10/2/1977,,756.933.991.48,06619669
584,Mischa,Ferney,mferneyg7@hexun.com,F,9/19/1966,,756.926.988.31,31216330
585,Jordan,Jillis,jjillisg8@blogtalkradio.com,M,6/30/1972,,756.082.498.69,72949573
586,Jonathan,Stolze,jstolzeg9@theguardian.com,M,4/3/1967,,756.872.325.67,97469002
587,Lyndy,Crownshaw,lcrownshawga@xinhuanet.com,F,7/28/1960,,756.746.015.56,89526197
588,Thaine,Shorto,tshortogb@nbcnews.com,M,10/27/1932,,756.713.338.60,64873522
589,Ddene,Kealy,dkealygc@wired.com,M,5/21/1938,,756.639.574.99,34266871
590,Roddy,Piddle,rpiddlegd@slashdot.org,F,5/7/1985,,756.379.226.79,69899665
591,Ricca,Corder,rcorderge@craigslist.org,M,5/16/1940,,756.980.904.99,49938727
592,Bradford,Whitton,bwhittongf@digg.com,F,3/24/1983,,756.625.088.35,89520832
593,Rafaela,Sturgis,rsturgisgg@princeton.edu,M,9/12/1934,,756.930.657.10,06735375
594,Clarinda,Toten,ctotengh@jalbum.net,M,8/1/1941,,756.543.690.83,95276463
595,Toiboid,Geerling,tgeerlinggi@infoseek.co.jp,M,12/12/1990,,756.773.440.42,44611604
596,Belia,Kayes,bkayesgj@weather.com,M,5/17/1962,,756.990.572.22,01009597
597,Horacio,McCumskay,hmccumskaygk@patch.com,F,10/16/1978,,756.419.673.30,79613315
598,Alexis,Korting,akortinggl@china.com.cn,M,7/12/1932,,756.234.953.63,20595484
599,Dun,O'Brian,dobriangm@uiuc.edu,F,4/6/1991,4/23/2015,756.408.390.62,92933684
600,Humfrey,Fores,hforesgn@nsw.gov.au,F,6/28/1948,5/31/2017,756.715.022.71,43887115
601,Farlee,Jehan,fjehango@joomla.org,M,8/24/1986,,756.062.923.98,77315620
602,Urson,Gretton,ugrettongp@cbc.ca,M,2/16/1963,,756.115.895.75,99919993
603,Ewart,Vowels,evowelsgq@webmd.com,F,1/27/1993,,756.913.052.11,73720122
604,Joell,Trunby,jtrunbygr@google.nl,M,4/14/1969,,756.581.147.32,59223763
605,Cindelyn,Vogeller,cvogellergs@vinaora.com,F,1/15/1991,,756.164.718.86,22927180
606,Jenn,Gammage,jgammagegt@dedecms.com,F,4/27/1975,,756.422.394.97,91811659
607,Ettie,Jeannaud,ejeannaudgu@hatena.ne.jp,F,1/1/1989,,756.570.704.41,45154913
608,Avigdor,Dawdry,adawdrygv@sourceforge.net,F,11/15/1944,,756.598.208.77,32132657
609,Wilt,Harmes,wharmesgw@paginegialle.it,M,12/5/1991,,756.217.081.38,05560250
610,Mabel,Arnao,marnaogx@discovery.com,M,1/31/1969,,756.169.602.27,20653369
611,Allina,Pauletti,apaulettigy@facebook.com,F,2/3/1961,,756.494.751.20,26260804
612,Dee,Lavelle,dlavellegz@bbc.co.uk,M,5/14/1979,,756.262.046.53,29546054
613,Shannon,Duckfield,sduckfieldh0@globo.com,M,12/17/1982,,756.498.513.60,69657383
614,Gunilla,Bail,gbailh1@amazon.co.jp,M,3/10/1962,,756.826.743.27,30823543
615,Conrad,Sercombe,csercombeh2@google.de,M,3/1/1963,,756.820.728.41,08741991
616,Lilith,Searston,lsearstonh3@taobao.com,F,6/14/1953,,756.327.823.99,17491606
617,Dyana,Brighouse,dbrighouseh4@netscape.com,F,10/25/1967,,756.113.938.90,83377326
618,Anneliese,Attawell,aattawellh5@rambler.ru,M,4/5/1971,,756.044.394.65,47259668
619,Kissie,Caddick,kcaddickh6@4shared.com,F,5/27/1948,,756.571.343.62,93230009
620,Gene,Lemmen,glemmenh7@telegraph.co.uk,F,5/4/1952,,756.865.836.66,27223306
621,Janka,Jakobssen,jjakobssenh8@huffingtonpost.com,F,8/17/1992,,756.272.717.33,85551510
622,Jacquette,Vautin,jvautinh9@adobe.com,M,10/26/1990,,756.558.324.86,04862032
623,Terry,Duker,tdukerha@woothemes.com,F,10/7/1960,,756.855.988.26,35061420
624,Emerson,Larham,elarhamhb@nationalgeographic.com,M,6/6/1945,,756.498.107.56,04917963
625,Ara,Lyosik,alyosikhc@nature.com,M,5/1/1956,,756.068.373.16,61445190
626,Matteo,Blissett,mblissetthd@yale.edu,M,7/9/1935,,756.159.104.15,46079496
627,Ammamaria,Grieswood,agrieswoodhe@barnesandnoble.com,F,11/5/1937,,756.072.877.65,22881277
628,Melonie,Mirfin,mmirfinhf@theatlantic.com,M,9/16/1951,,756.576.875.57,34432083
629,Concordia,Lissandrini,clissandrinihg@phoca.cz,M,6/25/1947,,756.244.824.75,27596011
630,Davon,Bunney,dbunneyhh@unesco.org,M,2/12/1979,,756.594.508.75,74101818
631,Roderic,Bourne,rbournehi@vinaora.com,M,11/28/1971,,756.475.760.28,81762797
632,Thaine,Menendez,tmenendezhj@geocities.jp,F,12/21/1930,,756.341.430.43,23614185
633,Dee dee,Kivlehan,dkivlehanhk@timesonline.co.uk,M,12/31/1947,,756.554.032.22,89337290
634,Jennine,Amner,jamnerhl@deviantart.com,M,1/26/1958,,756.298.024.71,17123617
635,Happy,Freke,hfrekehm@posterous.com,M,10/7/1936,,756.817.916.54,97419592
636,Gilbertine,Bathurst,gbathursthn@phoca.cz,F,12/4/1935,,756.996.985.33,00696152
637,Marlane,Koomar,mkoomarho@wiley.com,M,5/30/1993,,756.668.195.59,89878455
638,Shelia,Peinke,speinkehp@friendfeed.com,F,1/27/1941,,756.216.369.98,22019393
639,Petronia,Bradlaugh,pbradlaughhq@webmd.com,F,12/23/1989,,756.754.911.85,67745655
640,Camella,Critzen,ccritzenhr@shareasale.com,M,12/4/1956,,756.206.239.42,34880182
641,Harley,Drohun,hdrohunhs@paginegialle.it,F,7/25/1949,,756.659.480.57,35980155
642,Aliza,Delete,adeleteht@gmpg.org,M,2/12/1982,,756.239.212.80,38701895
643,Nesta,Peaple,npeaplehu@noaa.gov,M,1/6/1967,,756.999.365.43,09779579
644,Shari,Thoresbie,sthoresbiehv@bravesites.com,M,12/7/1943,,756.859.034.96,81581950
645,Kaleena,Plewman,kplewmanhw@wordpress.com,M,3/31/1993,,756.880.878.25,78372212
646,Latia,Spurryer,lspurryerhx@columbia.edu,M,6/14/1980,,756.988.432.90,95873471
647,Vin,Blackboro,vblackborohy@over-blog.com,M,2/5/1953,,756.594.939.22,18150608
648,Petunia,Avrahamy,pavrahamyhz@gmpg.org,F,12/12/1969,,756.572.952.02,78693017
649,Obidiah,Zanazzi,ozanazzii0@wikia.com,M,2/18/1933,,756.626.204.28,30683120
650,Isaak,Atcock,iatcocki1@gravatar.com,M,9/19/1963,,756.343.678.74,15770035
651,Marinna,Threadgall,mthreadgalli2@so-net.ne.jp,M,10/3/1935,,756.582.475.34,74506002
652,Cos,Ugoni,cugonii3@bigcartel.com,M,6/15/1952,,756.911.651.04,21762441
653,Natale,Ledwitch,nledwitchi4@gravatar.com,F,1/8/1941,,756.361.479.90,54464693
654,Rodina,Mulqueen,rmulqueeni5@chronoengine.com,M,10/26/1962,,756.850.293.46,16114726
655,Inez,Arend,iarendi6@senate.gov,F,11/13/1959,,756.393.897.50,69148855
656,Andros,Tamlett,atamletti7@hubpages.com,M,4/9/1940,,756.707.172.81,28859231
657,Lief,Leavy,lleavyi8@irs.gov,M,11/8/1965,,756.041.983.40,12311165
658,Cammy,Beetham,cbeethami9@bluehost.com,M,8/29/1952,,756.487.328.51,39424900
659,Drew,Lovejoy,dlovejoyia@pcworld.com,F,5/17/1990,,756.292.862.12,76862485
660,Israel,Humphries,ihumphriesib@cpanel.net,F,11/22/1984,,756.316.260.55,58839288
661,Beale,Meininger,bmeiningeric@about.com,M,12/26/1938,,756.368.565.09,29018402
662,Evvie,Maddinon,emaddinonid@whitehouse.gov,F,6/28/1995,,756.158.987.09,66029584
663,Tessy,Maidlow,tmaidlowie@amazon.co.uk,M,9/14/1929,,756.972.034.67,51441829
664,Carissa,Chettle,cchettleif@purevolume.com,F,5/3/1956,,756.129.520.31,10299066
665,Blake,Oager,boagerig@salon.com,F,6/10/1993,,756.381.294.09,38559395
666,Regan,Lidington,rlidingtonih@1und1.de,M,6/30/1954,,756.852.970.77,37607626
667,Michele,Bolver,mbolverii@ameblo.jp,M,1/25/1990,,756.561.162.62,89930326
668,Sascha,Ties,stiesij@whitehouse.gov,F,4/21/1941,,756.211.411.79,79277660
669,Arie,Gowman,agowmanik@usa.gov,F,5/28/1932,6/14/2015,756.840.388.55,76313613
670,Christy,Bourdel,cbourdelil@acquirethisname.com,F,2/23/1941,8/2/2017,756.409.204.89,94615806
671,Muriel,Sall,msallim@infoseek.co.jp,M,7/28/1966,,756.658.965.97,02883821
672,Dana,Easterby,deasterbyin@theatlantic.com,F,12/10/1996,,756.195.140.77,39542265
673,Stacy,Stead,ssteadio@aol.com,M,7/23/1937,,756.496.965.16,23040883
674,Storm,Richardeau,srichardeauip@wikipedia.org,M,4/3/1931,,756.444.091.24,45726497
675,Cleve,Quilligan,cquilliganiq@phpbb.com,M,10/15/1981,,756.695.710.17,19457735
676,Colleen,Balazs,cbalazsir@icio.us,F,1/27/1932,,756.961.661.51,43573636
677,Karlie,Dunnan,kdunnanis@google.ru,F,12/25/1932,,756.590.886.52,78274790
678,Husein,Wharlton,hwharltonit@1688.com,M,7/11/1953,,756.448.735.34,15377062
679,Sal,Ridolfi,sridolfiiu@whitehouse.gov,F,9/5/1961,,756.223.753.32,82274890
680,Tammie,O'Dogherty,todoghertyiv@skype.com,M,9/3/1933,,756.125.646.23,87855359
681,Eyde,Heasly,eheaslyiw@wp.com,M,4/20/2002,,756.183.565.47,07086003
682,Erasmus,O'Nion,eonionix@reference.com,M,2/10/1980,,756.619.868.26,65156767
683,Hube,Randal,hrandaliy@ocn.ne.jp,M,1/19/1967,,756.904.199.96,04872832
684,Lisbeth,Daintree,ldaintreeiz@mozilla.org,F,8/31/1999,,756.592.973.31,24902166
685,Trina,Shaddick,tshaddickj0@nps.gov,M,11/8/1944,,756.366.381.39,96226057
686,Alicea,Hulls,ahullsj1@eventbrite.com,M,3/25/1981,,756.639.307.72,72408997
687,Kelbee,Downton,kdowntonj2@seattletimes.com,M,1/10/1936,,756.793.336.64,66173587
688,Barbe,Petters,bpettersj3@nationalgeographic.com,M,4/18/1992,,756.046.617.69,24999827
689,Vaughan,Tewkesberry,vtewkesberryj4@si.edu,M,9/22/1979,,756.177.933.12,52791324
690,Beulah,Pollicott,bpollicottj5@e-recht24.de,M,5/13/1989,,756.205.519.69,45760309
691,Mellie,Ianni,miannij6@jalbum.net,M,5/15/1983,,756.253.424.20,31661317
692,Kassie,Ellesmere,kellesmerej7@imdb.com,M,7/7/1979,,756.741.429.01,35644650
693,Rogerio,Freak,rfreakj8@g.co,M,1/21/1974,,756.890.554.16,10214773
694,Darby,Worrell,dworrellj9@narod.ru,F,12/8/1933,3/27/2015,756.578.990.24,17727504
695,Anderea,Handscombe,ahandscombeja@123-reg.co.uk,F,12/23/1935,,756.694.472.15,76206408
696,Gran,Southwell,gsouthwelljb@pen.io,M,5/29/1992,,756.329.866.12,54618755
697,Hazel,Brisard,hbrisardjc@miibeian.gov.cn,F,2/18/1972,,756.943.943.25,30228610
698,Vere,Pellitt,vpellittjd@tamu.edu,F,9/30/1977,,756.441.656.32,11511198
699,Trudi,Averall,taverallje@mlb.com,M,3/3/1963,,756.781.560.58,94340165
700,Vinny,Beamond,vbeamondjf@livejournal.com,F,4/1/1944,,756.659.742.15,17727321
701,Fernanda,Ivanishchev,fivanishchevjg@timesonline.co.uk,F,7/19/1957,,756.641.869.23,63819261
702,Constantia,Cainey,ccaineyjh@csmonitor.com,M,2/2/1939,,756.323.188.92,60961600
703,Delcine,Manthorpe,dmanthorpeji@fotki.com,F,8/20/1970,,756.897.188.49,76881518
704,Benedikt,Lewcock,blewcockjj@surveymonkey.com,F,6/23/1994,,756.946.609.47,37940707
705,Omar,Ert,oertjk@youku.com,F,9/6/1955,,756.805.154.55,45850690
706,Frieda,Rabl,frabljl@tiny.cc,F,4/16/1965,,756.473.885.06,78395681
707,Burnaby,Whisby,bwhisbyjm@gmpg.org,F,10/3/1963,,756.788.983.60,88843277
708,Belvia,Gemlbett,bgemlbettjn@skype.com,F,4/25/1960,,756.661.572.25,28069313
709,Pascal,Corlett,pcorlettjo@statcounter.com,F,3/11/1988,,756.323.618.53,31216858
710,Jacklin,Fallawe,jfallawejp@army.mil,M,12/13/1970,,756.319.226.16,47558138
711,Jillene,Kelson,jkelsonjq@loc.gov,F,9/9/1994,,756.369.389.43,37931657
712,Meggie,Delooze,mdeloozejr@hugedomains.com,F,11/28/1984,,756.830.343.39,39390910
713,Darrelle,Rosenkrantz,drosenkrantzjs@earthlink.net,F,3/2/1967,,756.753.863.42,23358752
714,Danielle,Propper,dpropperjt@uiuc.edu,F,10/16/1957,,756.326.089.28,03743337
715,Iorgos,Derell,iderellju@gravatar.com,M,10/24/1947,,756.253.894.36,45875782
716,Peyton,Coathup,pcoathupjv@noaa.gov,F,3/24/1947,,756.316.407.90,05537022
717,Domini,Kinnerley,dkinnerleyjw@addthis.com,F,8/5/1976,,756.907.608.03,25631339
718,Tedman,Hay,thayjx@imgur.com,F,7/9/1933,,756.188.451.48,66489141
719,Inger,Ritchie,iritchiejy@purevolume.com,M,7/6/1998,,756.141.422.97,39440808
720,Tripp,Spillard,tspillardjz@exblog.jp,F,1/5/1940,,756.471.981.90,89700352
721,Shoshanna,Giggie,sgiggiek0@ucsd.edu,M,10/22/1958,,756.346.278.05,32753201
722,Kirsti,Gascar,kgascark1@123-reg.co.uk,M,12/30/1948,,756.194.456.83,46831372
723,Dorene,Rainforth,drainforthk2@google.com.br,M,12/26/1936,,756.643.035.75,09898579
724,Wally,Muttock,wmuttockk3@google.co.uk,M,8/1/1951,,756.041.742.79,75240942
725,Fannie,Dossettor,fdossettork4@cdc.gov,M,2/26/1991,,756.274.645.44,68040968
726,Ferguson,Basten,fbastenk5@ustream.tv,M,12/9/1938,,756.170.840.45,95233874
727,Harrie,Threlfall,hthrelfallk6@fc2.com,M,5/1/1979,,756.543.465.87,57868137
728,Saxon,Boarder,sboarderk7@mayoclinic.com,M,3/1/1931,,756.120.322.05,15072160
729,Vina,Peare,vpearek8@mlb.com,F,6/10/1934,,756.197.138.72,33096659
730,Greer,More,gmorek9@whitehouse.gov,M,8/16/1987,,756.568.752.01,97801351
731,Mohandis,Ruseworth,mruseworthka@youku.com,M,4/20/1973,,756.367.469.90,96894624
732,Sergeant,MacIlhagga,smacilhaggakb@moonfruit.com,M,3/7/1980,,756.065.005.31,83360796
733,Wendeline,Quoit,wquoitkc@yandex.ru,M,10/14/1986,,756.919.232.59,79242831
734,Cristionna,Codlin,ccodlinkd@bloglines.com,F,9/7/1999,,756.917.308.17,93637210
735,Christal,Bubbear,cbubbearke@columbia.edu,F,1/23/1954,,756.120.391.77,51306908
736,Sybille,Kohn,skohnkf@arstechnica.com,F,9/13/1984,,756.782.739.52,24633203
737,Torrey,Neeson,tneesonkg@adobe.com,F,10/14/1959,,756.792.222.98,73365058
738,Alwyn,Mousby,amousbykh@ebay.co.uk,M,5/25/1976,,756.119.442.62,77630667
739,Latisha,Buckby,lbuckbyki@purevolume.com,M,1/23/1943,,756.529.995.81,89833368
740,Forbes,Altofts,faltoftskj@dell.com,M,6/8/1942,,756.205.494.36,44495591
741,Milly,Saben,msabenkk@hatena.ne.jp,F,11/7/1930,,756.249.180.48,96104861
742,Timmy,Hobbema,thobbemakl@deliciousdays.com,M,6/23/1930,,756.975.757.92,91562798
743,Gennie,Horsewood,ghorsewoodkm@mapy.cz,M,12/4/1934,,756.171.044.41,64167305
744,Lonnie,Mertin,lmertinkn@dailymail.co.uk,F,8/21/1949,,756.387.009.80,05113825
745,Woodman,Entwisle,wentwisleko@1688.com,M,1/11/1976,,756.647.131.06,23525630
746,Nichol,Attreed,nattreedkp@unicef.org,F,6/3/1982,,756.339.036.54,44012800
747,Andee,Buckland,abucklandkq@chron.com,M,7/18/1999,,756.356.181.49,83634048
748,Gleda,Dewitt,gdewittkr@samsung.com,F,8/20/1968,,756.089.022.70,93173014
749,Ravid,Rizzotto,rrizzottoks@ustream.tv,M,7/29/1967,,756.004.347.99,00447853
750,Mollee,Wadmore,mwadmorekt@t-online.de,M,2/14/1985,,756.848.231.68,13640327
751,Farr,Ruggen,fruggenku@skyrock.com,M,9/17/1935,,756.666.617.49,33920553
752,Lishe,Erdes,lerdeskv@liveinternet.ru,M,10/6/1941,,756.950.371.02,02136243
753,Gweneth,Dilworth,gdilworthkw@t.co,M,6/1/1932,,756.653.832.55,97970906
754,Ilaire,Burgane,iburganekx@tumblr.com,M,6/11/1985,,756.892.077.12,18687600
755,Paula,Giacomini,pgiacominiky@loc.gov,M,9/26/1984,,756.756.386.13,04042943
756,Nehemiah,Shortland,nshortlandkz@yolasite.com,F,5/17/1995,,756.734.381.81,17344398
757,Antonin,Benneyworth,abenneyworthl0@google.co.uk,M,8/22/1973,,756.376.366.48,46416003
758,Joseph,Bonnefin,jbonnefinl1@spiegel.de,M,11/30/1969,,756.490.793.12,66807652
759,Humphrey,O'Kieran,hokieranl2@wikimedia.org,F,5/10/1953,,756.844.035.93,84341081
760,Gaye,Cregin,gcreginl3@gov.uk,F,2/17/1957,,756.778.340.50,75183427
761,Paquito,McGarrie,pmcgarriel4@eepurl.com,F,8/21/1990,,756.998.801.51,67749588
762,Nyssa,Inns,ninnsl5@shutterfly.com,M,10/1/2000,,756.661.832.60,81127514
763,Debee,Brunotti,dbrunottil6@dailymotion.com,M,12/13/2000,,756.989.193.68,31056784
764,Marin,O'Heagertie,moheagertiel7@globo.com,F,8/17/1973,,756.175.251.03,87549614
765,Minerva,Kindread,mkindreadl8@harvard.edu,M,10/4/1976,,756.464.727.26,75192019
766,Cash,Caveney,ccaveneyl9@blogspot.com,M,1/24/1995,,756.015.337.38,91829161
767,Katya,Martinovic,kmartinovicla@tuttocitta.it,F,10/17/1995,,756.857.752.65,20347246
768,Lynea,Lemin,lleminlb@ebay.co.uk,F,2/7/1971,,756.515.710.15,82046828
769,Bell,Goulter,bgoulterlc@latimes.com,F,5/19/1947,,756.350.855.36,77353771
770,Carma,Gimeno,cgimenold@a8.net,F,1/7/1963,,756.931.959.85,77971529
771,Lorianna,Mulkerrins,lmulkerrinsle@myspace.com,M,6/29/1945,10/14/2014,756.015.361.68,31215071
772,Lanie,Fawdrie,lfawdrielf@psu.edu,M,10/2/1982,,756.684.385.11,58363148
773,Cornelia,Sparke,csparkelg@shutterfly.com,F,12/13/1985,,756.304.657.31,31368625
774,Toddie,Fayerman,tfayermanlh@myspace.com,F,4/5/1971,,756.918.300.48,29742302
775,Ericka,McNeil,emcneilli@tinyurl.com,M,1/11/1957,,756.615.932.51,41745148
776,Shandy,Assante,sassantelj@guardian.co.uk,F,3/19/1953,,756.070.428.77,49976442
777,Birk,Kewzick,bkewzicklk@sun.com,F,6/12/1970,,756.006.728.43,71914595
778,Ediva,Lembcke,elembckell@sfgate.com,F,7/8/1956,,756.495.227.33,44047128
779,Clarance,Walne,cwalnelm@loc.gov,M,2/20/1973,,756.728.099.92,84187533
780,Lowe,Steen,lsteenln@utexas.edu,F,5/14/1962,,756.351.795.37,88241398
781,Mercie,Berfoot,mberfootlo@mail.ru,F,11/26/1932,,756.102.188.54,02207296
782,Dana,Delagua,ddelagualp@is.gd,F,3/23/1994,,756.215.285.83,49107038
783,Donelle,Topling,dtoplinglq@vinaora.com,M,3/25/1935,,756.403.436.12,02278841
784,Britta,Whittet,bwhittetlr@mashable.com,M,2/28/1930,,756.226.966.40,49014495
785,Gal,Pardue,gparduels@ustream.tv,F,8/6/1994,,756.144.585.35,00155819
786,Barnabe,Sidgwick,bsidgwicklt@acquirethisname.com,M,2/15/1948,,756.213.337.48,81765951
787,Bary,Brand-Hardy,bbrandhardylu@irs.gov,M,6/28/1963,,756.529.383.94,17072660
788,Irma,Chalcot,ichalcotlv@xinhuanet.com,F,10/25/1939,,756.415.575.74,09211780
789,Bret,Guerri,bguerrilw@youtu.be,F,1/3/1969,,756.392.633.20,05449162
790,Karlyn,Muffett,kmuffettlx@hibu.com,F,3/19/1951,,756.597.776.30,03719325
791,Waneta,Thalmann,wthalmannly@privacy.gov.au,F,4/25/1981,,756.327.569.04,14627983
792,Gaven,Casotti,gcasottilz@narod.ru,M,11/4/1957,,756.069.422.53,60767696
793,Andy,Frean,afreanm0@sourceforge.net,F,3/1/1971,,756.962.096.33,26412858
794,Celia,Dana,cdanam1@aol.com,F,6/9/2001,,756.015.834.51,00484776
795,Tristan,Alf,talfm2@constantcontact.com,F,4/9/1938,,756.036.702.62,18384790
796,Sallyanne,Valerius,svaleriusm3@bigcartel.com,F,11/26/1972,,756.895.475.18,92922969
797,Ophelie,Stump,ostumpm4@google.ca,F,12/14/1932,,756.239.931.16,53367299
798,Kellsie,Gorstidge,kgorstidgem5@redcross.org,F,8/15/1958,,756.498.849.10,07127749
799,Helge,Laviste,hlavistem6@walmart.com,M,10/6/1977,,756.821.699.09,65213166
800,Chickie,Clutheram,cclutheramm7@ed.gov,F,2/13/1957,,756.745.444.96,46108872
801,Josh,Thicking,jthickingm8@google.com.au,F,5/15/1983,,756.248.103.01,27715728
802,Rudyard,Coot,rcootm9@woothemes.com,M,3/6/1984,,756.444.056.53,23418237
803,Trent,Mattisssen,tmattisssenma@tiny.cc,F,8/16/2001,,756.370.472.26,07315427
804,Othello,Lubomirski,olubomirskimb@cyberchimps.com,M,6/5/1985,,756.461.166.84,58313910
805,Caralie,Fabbri,cfabbrimc@google.ru,F,5/15/1964,,756.061.274.25,29385799
806,Janith,Todarini,jtodarinimd@youtube.com,F,1/22/1988,,756.509.610.69,97017321
807,Coreen,Greenhough,cgreenhoughme@ibm.com,F,8/26/1982,,756.309.839.96,58805091
808,Garik,Learmonth,glearmonthmf@theatlantic.com,M,4/18/1982,,756.788.053.94,30631927
809,Haven,Bende,hbendemg@biblegateway.com,M,6/12/1999,,756.057.668.26,54845606
810,Nikita,Oldfield,noldfieldmh@earthlink.net,F,9/25/1929,,756.437.557.83,71627043
811,Yvonne,Demoge,ydemogemi@cafepress.com,F,12/8/1929,,756.522.387.69,58260319
812,Bobbee,Del Dello,bdeldellomj@bandcamp.com,M,5/19/1972,,756.141.558.72,43284430
813,Kellen,Rosenbloom,krosenbloommk@163.com,M,1/20/1938,,756.498.901.07,36532449
814,Goraud,Gres,ggresml@ebay.com,M,11/14/1945,,756.345.361.36,31545224
815,Hebert,Phillippo,hphillippomm@cpanel.net,F,11/27/1940,,756.839.253.95,21700196
816,Emyle,Mc Ilory,emcilorymn@nationalgeographic.com,F,2/20/1992,,756.477.066.56,77271897
817,Olwen,Shetliff,oshetliffmo@chicagotribune.com,F,5/13/1990,,756.753.743.05,15266743
818,Aguie,McGhie,amcghiemp@delicious.com,F,10/20/1989,5/10/2021,756.331.730.06,52552542
819,Aigneis,Plante,aplantemq@behance.net,F,11/27/1930,,756.885.348.32,64960272
820,Kata,Petriello,kpetriellomr@netvibes.com,M,3/9/1937,,756.361.424.57,96706467
821,Ernesto,Denizet,edenizetms@toplist.cz,M,12/14/1955,,756.076.404.42,84330144
822,Emily,Pedroni,epedronimt@reddit.com,F,10/28/1939,,756.034.074.06,59502256
823,Glynn,Stiebler,gstieblermu@baidu.com,F,7/17/1989,,756.513.724.62,73425345
824,Reg,McSporon,rmcsporonmv@newyorker.com,F,4/10/1976,,756.526.754.39,32860865
825,Sax,Fernie,sferniemw@vistaprint.com,F,5/5/1943,,756.778.067.80,93890728
826,Nickie,D'Aeth,ndaethmx@sitemeter.com,M,1/10/1997,,756.495.254.26,60846428
827,Upton,Wilford,uwilfordmy@freewebs.com,M,1/16/1940,,756.717.553.30,05555904
828,Zsazsa,Sudlow,zsudlowmz@sakura.ne.jp,M,7/6/1970,,756.516.748.00,59561353
829,Brittni,Hadcroft,bhadcroftn0@loc.gov,M,10/8/1942,,756.229.937.69,05311949
830,Barbie,Klemps,bklempsn1@foxnews.com,M,3/11/1974,,756.053.954.55,31021763
831,Ursula,Sparshett,usparshettn2@eventbrite.com,M,11/9/1973,,756.813.804.05,23969267
832,Udale,Hauch,uhauchn3@tiny.cc,M,12/31/1957,,756.063.842.46,56074053
833,Gale,Ros,grosn4@reverbnation.com,F,1/10/1948,,756.419.747.64,96141284
834,Nevsa,Sucre,nsucren5@nyu.edu,F,4/29/1946,,756.063.601.09,90109245
835,Evie,Bennoe,ebennoen6@tiny.cc,F,1/12/1951,,756.839.106.71,48079729
836,Gabbie,Ricioppo,gricioppon7@boston.com,F,6/26/1953,,756.583.031.02,02699163
837,Perice,Tocqueville,ptocquevillen8@sina.com.cn,M,1/20/1985,8/22/2018,756.444.145.94,26231826
838,Klemens,Pischoff,kpischoffn9@over-blog.com,F,3/25/1962,,756.345.302.11,77897977
839,Harmon,McGirl,hmcgirlna@altervista.org,M,9/14/1997,,756.693.375.19,39705345
840,Darell,Bollands,dbollandsnb@yellowbook.com,F,11/29/1981,8/18/2008,756.009.590.36,44101004
841,Fanny,Downie,fdownienc@prnewswire.com,F,12/29/1939,,756.951.848.88,35612424
842,Christean,Mathew,cmathewnd@so-net.ne.jp,F,1/29/1944,,756.765.841.16,28534025
843,Harper,Boshell,hboshellne@bigcartel.com,M,3/12/1958,,756.387.436.68,78134524
844,Leesa,Real,lrealnf@craigslist.org,F,11/5/1981,,756.010.516.22,23086311
845,Nyssa,Neesam,nneesamng@so-net.ne.jp,M,9/2/1988,,756.110.113.51,04607316
846,Burch,Goodridge,bgoodridgenh@google.com.hk,F,8/9/2000,,756.384.198.83,72048163
847,Vale,Vigne,vvigneni@digg.com,F,5/6/1994,,756.219.163.79,54568847
848,Mary,Nelle,mnellenj@homestead.com,F,8/15/1972,,756.692.382.42,76339720
849,Rosmunda,Francioli,rfranciolink@skyrock.com,F,1/29/1967,,756.220.710.46,52040010
850,Samuel,Gabitis,sgabitisnl@networkadvertising.org,F,3/27/2002,,756.912.443.83,45776837
851,Ruben,Rysdale,rrysdalenm@gravatar.com,F,2/7/1981,,756.289.941.25,12560358
852,Dominik,Bostick,dbosticknn@surveymonkey.com,M,7/14/1967,,756.041.455.54,32194680
853,Zora,Pearsey,zpearseyno@freewebs.com,M,1/10/1960,,756.799.018.10,78685867
854,Vasilis,Comsty,vcomstynp@mit.edu,M,6/17/1939,,756.996.746.15,18467631
855,Dyana,Rowthorn,drowthornnq@msu.edu,M,7/4/1942,,756.367.960.29,38289300
856,Kory,Byass,kbyassnr@xing.com,F,4/30/1959,,756.047.978.09,98247932
857,Rene,Spurden,rspurdenns@domainmarket.com,M,6/20/1967,,756.178.608.70,88925977
858,Reinaldo,Doulden,rdouldennt@blogtalkradio.com,F,6/2/1965,,756.202.074.64,24324356
859,Christopher,Whiteford,cwhitefordnu@wufoo.com,F,2/3/1974,,756.235.252.50,95866702
860,Agathe,Rolfo,arolfonv@pagesperso-orange.fr,F,11/14/1963,,756.292.067.81,62807124
861,Amandi,Ericsson,aericssonnw@macromedia.com,M,6/30/1931,,756.573.382.52,41075652
862,Yule,Durtnall,ydurtnallnx@symantec.com,M,1/20/1934,,756.703.287.37,54151117
863,Myra,Greetland,mgreetlandny@psu.edu,F,10/8/1956,,756.727.381.67,36276748
864,Carlin,Lys,clysnz@hhs.gov,M,11/29/1943,,756.348.325.23,00487089
865,Auberta,Seacroft,aseacrofto0@pagesperso-orange.fr,F,9/22/1993,,756.517.849.77,87428153
866,Sterling,Priddey,spriddeyo1@gov.uk,F,6/15/1968,,756.452.655.24,64137180
867,Billi,Keat,bkeato2@usa.gov,F,6/20/1967,,756.167.732.42,68651034
868,Ramon,Westmerland,rwestmerlando3@nsw.gov.au,F,4/14/1952,,756.443.473.42,47861600
869,Cinda,Grimbleby,cgrimblebyo4@cornell.edu,F,8/20/1982,,756.109.198.02,48095916
870,Vladamir,Arnhold,varnholdo5@deliciousdays.com,F,4/3/1999,,756.524.005.82,50418243
871,Ermengarde,Boundy,eboundyo6@webs.com,F,10/17/2001,,756.171.713.33,19484610
872,Katherine,Rays,krayso7@springer.com,M,9/26/1977,,756.685.368.44,95830864
873,Lucky,Klaessen,lklaesseno8@cpanel.net,F,9/7/1949,12/29/2012,756.259.428.91,24262617
874,Minta,Roser,mrosero9@soundcloud.com,F,5/25/1961,,756.069.888.95,61266669
875,Tull,Okill,tokilloa@state.tx.us,F,9/6/1962,,756.416.724.13,22191486
876,Merilyn,MacKeeg,mmackeegob@technorati.com,M,12/7/1991,,756.481.485.02,48421532
877,Lonna,Itscowicz,litscowiczoc@examiner.com,M,6/26/1931,,756.101.533.73,19041666
878,Graig,Clayworth,gclayworthod@blog.com,F,8/21/1969,,756.738.976.75,45034032
879,Leo,McKeighen,lmckeighenoe@boston.com,M,12/4/2001,,756.978.213.78,46263598
880,Edi,Webburn,ewebburnof@scribd.com,M,3/21/1991,,756.579.083.20,25957115
881,Ashbey,Shurlock,ashurlockog@yahoo.com,F,6/7/1985,,756.071.351.17,64114024
882,Everett,Arber,earberoh@cmu.edu,F,10/23/1943,,756.746.686.86,27204931
883,Charissa,Nansom,cnansomoi@miibeian.gov.cn,M,4/4/1949,,756.919.003.72,55969694
884,Reggy,Doust,rdoustoj@independent.co.uk,F,9/27/1934,,756.560.689.20,62500989
885,Emmey,Harold,eharoldok@amazon.com,F,2/27/1980,,756.365.317.16,39603178
886,Morgun,Bubear,mbubearol@usa.gov,F,10/30/1941,,756.810.847.77,56863471
887,Mufi,Blunsen,mblunsenom@booking.com,F,8/26/1947,,756.964.975.32,40502314
888,Issiah,Stubs,istubson@bbc.co.uk,F,6/28/1940,,756.609.251.55,44926981
889,Thornie,Coomber,tcoomberoo@prlog.org,F,12/13/1937,,756.659.604.94,48091124
890,Gregory,Gianneschi,ggianneschiop@drupal.org,M,2/15/1990,,756.108.987.65,44113182
891,Pietro,Oleszczak,poleszczakoq@gmpg.org,M,9/18/1980,,756.172.759.59,77374164
892,Teddy,Legister,tlegisteror@wordpress.org,M,11/11/1989,,756.123.909.18,48990477
893,Hagen,Fenn,hfennos@bizjournals.com,F,1/26/1973,,756.682.436.52,71612469
894,Luisa,Hoodspeth,lhoodspethot@topsy.com,M,6/22/1962,,756.017.306.96,19111780
895,Win,Wimlett,wwimlettou@taobao.com,F,4/22/1945,,756.282.321.62,76139303
896,Olag,Ismead,oismeadov@gravatar.com,M,8/19/1943,,756.333.719.70,69421206
897,Chen,McGerr,cmcgerrow@blogs.com,F,7/12/1982,,756.941.743.39,65398528
898,Uriel,Notley,unotleyox@phpbb.com,M,6/14/1981,,756.344.870.22,21257098
899,Lucina,Roache,lroacheoy@who.int,M,7/12/1983,,756.794.331.86,10837382
900,Elvin,Sleath,esleathoz@kickstarter.com,F,7/16/1994,,756.531.039.51,81706013
901,Tedra,Dowles,tdowlesp0@vkontakte.ru,F,8/13/1954,,756.265.826.80,17028823
902,Kendell,Dufty,kduftyp1@zimbio.com,F,8/27/1929,,756.667.054.25,34850338
903,Chloette,Speares,cspearesp2@sina.com.cn,F,2/28/1931,,756.805.231.62,30919933
904,Prent,Yokel,pyokelp3@is.gd,F,7/18/1979,,756.010.607.21,77129355
905,Olympia,Wylder,owylderp4@wikispaces.com,M,3/3/1933,,756.190.047.58,52248459
906,Haze,Yakobovicz,hyakoboviczp5@studiopress.com,M,1/7/1971,,756.319.951.70,63702722
907,Worthy,Maxstead,wmaxsteadp6@bluehost.com,F,10/28/1986,,756.081.235.11,88139016
908,Wilone,Gwynn,wgwynnp7@globo.com,F,6/17/1974,,756.538.454.73,95422639
909,Reeta,McRorie,rmcroriep8@google.nl,F,11/16/1961,,756.348.502.42,23783820
910,Gabbie,Voysey,gvoyseyp9@pen.io,M,4/20/1969,,756.946.395.01,65985076
911,Selene,Batrop,sbatroppa@comcast.net,F,12/19/1936,,756.616.306.35,58076463
912,Ely,Pietesch,epieteschpb@dmoz.org,M,1/5/1995,,756.400.733.72,28985295
913,Cindelyn,Pettet,cpettetpc@flickr.com,M,5/6/1949,,756.724.418.00,35793455
914,Tamma,Gherardini,tgherardinipd@quantcast.com,M,10/25/1964,,756.792.900.84,84907858
915,Tamara,Nutty,tnuttype@illinois.edu,M,7/21/1987,,756.633.445.25,69100923
916,Montgomery,Deehan,mdeehanpf@google.cn,F,3/24/1985,,756.661.641.46,40200048
917,Brynna,Emmison,bemmisonpg@pcworld.com,F,7/11/2001,,756.681.833.60,20230457
918,Dinny,Pele,dpeleph@hud.gov,F,1/14/1991,,756.295.808.82,99828193
919,Alphonse,Wiggall,awiggallpi@elegantthemes.com,F,11/4/1974,,756.917.824.98,74678561
920,Kati,Andreolli,kandreollipj@storify.com,F,4/12/1942,,756.101.515.46,79603652
921,Reggis,McLeary,rmclearypk@army.mil,M,8/21/1958,,756.578.666.49,86240938
922,Franklyn,Jakaway,fjakawaypl@w3.org,M,9/18/1977,,756.568.413.30,71659046
923,Michele,Kumar,mkumarpm@examiner.com,F,2/13/1932,,756.665.722.64,14117125
924,Heall,Derycot,hderycotpn@berkeley.edu,F,9/11/1969,,756.025.595.23,43101917
925,Asher,Scanlin,ascanlinpo@unesco.org,M,1/14/1959,,756.010.728.86,53323050
926,Nessi,Barkway,nbarkwaypp@bizjournals.com,F,3/12/1948,,756.698.375.06,68708354
927,Goldia,Aps,gapspq@un.org,F,8/1/1982,,756.948.762.19,73076577
928,Ned,Warsop,nwarsoppr@youtube.com,M,11/14/1999,,756.033.647.09,13731634
929,Stacee,Bendare,sbendareps@seattletimes.com,M,3/30/2001,,756.413.577.78,78829319
930,Elnar,Laskey,elaskeypt@cnn.com,M,8/3/1965,,756.927.709.23,65067259
931,Othelia,Clohessy,oclohessypu@opensource.org,M,1/2/1946,,756.303.837.17,02909749
932,Gwenette,Merigeau,gmerigeaupv@unc.edu,M,11/25/1981,,756.248.931.43,76566955
933,Tova,Fipp,tfipppw@google.co.jp,M,4/3/1930,,756.750.248.21,31961842
934,Marya,Hillyatt,mhillyattpx@pcworld.com,F,2/28/1991,,756.158.740.03,93126434
935,Hinda,Bohills,hbohillspy@intel.com,F,10/6/1953,,756.105.615.91,31775779
936,Domenico,Toope,dtoopepz@arizona.edu,M,7/29/1939,,756.561.982.55,46064939
937,Geno,Woolfoot,gwoolfootq0@wiley.com,F,3/30/1985,,756.702.380.68,98240216
938,Tisha,Yearnsley,tyearnsleyq1@goo.gl,M,11/2/1954,,756.198.443.12,13291907
939,Urson,Goudman,ugoudmanq2@xing.com,M,11/13/1938,,756.476.895.48,18510803
940,Shel,Portugal,sportugalq3@arizona.edu,M,1/14/1944,,756.673.464.74,06129521
941,Ban,De Witt,bdewittq4@ezinearticles.com,F,4/22/1970,,756.965.201.93,80921219
942,Whitney,Emptage,wemptageq5@sohu.com,F,5/10/1959,,756.953.583.65,19066246
943,Percy,Preshous,ppreshousq6@cpanel.net,M,8/22/1962,,756.657.448.36,99970010
944,Madalena,Niave,mniaveq7@psu.edu,F,12/12/1932,,756.782.600.19,19358464
945,Kylie,Shiel,kshielq8@cbc.ca,F,1/23/1931,,756.682.229.94,11480406
946,Magdalen,McMackin,mmcmackinq9@accuweather.com,M,6/29/2002,,756.361.935.48,96488619
947,Selie,Raithbie,sraithbieqa@sohu.com,F,5/16/1961,1/29/2010,756.272.183.02,20107455
948,Ivette,Pressman,ipressmanqb@mapquest.com,M,12/25/1989,,756.141.178.78,36762067
949,Laural,Semark,lsemarkqc@google.com.hk,F,3/12/1943,,756.372.043.35,29507705
950,Dennie,Minshaw,dminshawqd@usda.gov,M,1/8/1947,,756.788.128.99,29900688
951,Codee,Burch,cburchqe@tmall.com,F,9/29/1937,,756.345.777.58,24874725
952,Talbot,Wickliffe,twickliffeqf@addthis.com,M,7/29/1948,,756.795.357.26,01650662
953,Jeth,Knevit,jknevitqg@example.com,M,10/28/1958,,756.804.263.82,49565719
954,Noellyn,Flattman,nflattmanqh@linkedin.com,M,1/12/1996,,756.123.546.52,27542163
955,Lindsey,Ebben,lebbenqi@diigo.com,M,7/19/1974,,756.297.837.37,17981719
956,Mufinella,Cicccitti,mcicccittiqj@google.cn,M,1/31/1985,,756.179.078.21,61582457
957,Carmencita,Holliar,cholliarqk@nature.com,M,12/12/1969,,756.554.495.43,29822755
958,Harv,Syddall,hsyddallql@tinyurl.com,F,10/17/1953,,756.384.097.36,87446405
959,Heinrik,Facher,hfacherqm@home.pl,M,12/19/1959,,756.465.930.71,84207049
960,Wally,Churchyard,wchurchyardqn@omniture.com,M,2/12/1992,,756.261.001.33,44921576
961,Lay,Raycroft,lraycroftqo@virginia.edu,M,6/1/1985,,756.387.107.46,06660637
962,Cassy,Freund,cfreundqp@washington.edu,M,1/11/1943,,756.121.551.72,38446606
963,Maison,Oldford,moldfordqq@sciencedaily.com,M,2/12/1969,,756.010.045.68,90077265
964,Madelaine,Andreolli,mandreolliqr@miitbeian.gov.cn,F,5/19/1938,,756.238.688.00,78077862
965,Pauli,O'Cassidy,pocassidyqs@amazonaws.com,F,8/10/2001,,756.254.312.39,95005271
966,Saloma,Eastgate,seastgateqt@i2i.jp,M,10/2/1994,,756.211.502.30,97761112
967,Shannen,Olkowicz,solkowiczqu@studiopress.com,F,5/23/1942,,756.880.360.22,75701556
968,Lidia,Curteis,lcurteisqv@sina.com.cn,M,4/28/1957,,756.662.933.88,84348086
969,Garvey,Alenov,galenovqw@addthis.com,F,3/4/1961,,756.202.843.23,97251862
970,Nicol,Bassano,nbassanoqx@scribd.com,M,10/24/1988,,756.910.481.76,20114669
971,Amalia,Guyan,aguyanqy@theatlantic.com,M,7/9/1961,,756.961.133.20,54074414
972,Stesha,Baddam,sbaddamqz@senate.gov,M,12/16/1952,,756.266.943.51,04032624
973,Zaccaria,Lawranson,zlawransonr0@ehow.com,M,12/4/1990,,756.465.860.24,88141904
974,Inger,Simone,isimoner1@mlb.com,F,7/16/1943,,756.461.346.20,77197074
975,Johnny,Bonnar,jbonnarr2@businesswire.com,M,7/2/1987,,756.697.814.29,68891487
976,Hayden,Hellwig,hhellwigr3@domainmarket.com,F,9/12/1998,,756.004.456.68,25866517
977,Godfrey,Sawood,gsawoodr4@cornell.edu,M,2/6/1982,,756.948.126.63,45422627
978,Carole,Domleo,cdomleor5@huffingtonpost.com,M,10/23/1972,,756.650.872.84,23203341
979,Isis,Auletta,iaulettar6@last.fm,M,9/13/1945,,756.534.796.55,91469196
980,Nanine,Davidovics,ndavidovicsr7@disqus.com,F,11/7/1956,,756.577.350.10,73892375
981,Noella,Vossgen,nvossgenr8@ezinearticles.com,M,7/9/1961,,756.872.369.06,40276824
982,Cariotta,Munn,cmunnr9@nydailynews.com,F,8/21/1929,,756.992.516.64,54716900
983,Morrie,Timlin,mtimlinra@cnbc.com,M,12/30/1968,,756.895.238.82,52093658
984,Prue,Ramsell,pramsellrb@dot.gov,F,4/9/1973,,756.290.788.49,89433343
985,Barnebas,Keoghan,bkeoghanrc@icq.com,F,6/28/1946,,756.153.180.51,29890919
986,Tomasine,Scanterbury,tscanterburyrd@simplemachines.org,F,1/16/1994,,756.479.967.28,25189319
987,Laureen,Peek,lpeekre@so-net.ne.jp,M,9/27/1976,,756.114.230.07,10396403
988,Licha,Westfield,lwestfieldrf@instagram.com,M,6/14/1998,,756.529.003.70,99668775
989,Ethelbert,Treppas,etreppasrg@dell.com,M,9/28/1956,,756.301.893.63,23471427
990,Alidia,Corzor,acorzorrh@altervista.org,F,5/22/1996,,756.427.438.52,57566321
991,Tucker,Blockwell,tblockwellri@google.nl,M,5/13/1940,,756.145.496.02,75850869
992,Bernadette,Grestye,bgrestyerj@liveinternet.ru,F,9/27/1971,,756.029.403.12,42514059
993,Juieta,Langsbury,jlangsburyrk@github.io,M,7/3/1961,,756.112.919.19,29554853
994,Glory,Fortun,gfortunrl@taobao.com,M,5/29/1938,,756.911.847.54,11771812
995,Anjela,Archambault,aarchambaultrm@newsvine.com,M,2/23/1951,,756.418.114.02,81487724
996,Moses,Rideout,mrideoutrn@github.com,M,3/16/1968,,756.370.635.98,59447854
997,Ellette,Fontenot,efontenotro@bigcartel.com,M,2/5/1955,,756.515.046.66,13894485
998,Reggy,Gaber,rgaberrp@amazon.co.jp,F,2/4/1941,,756.190.311.35,32954190
999,Duffy,Kurten,dkurtenrq@nydailynews.com,M,8/17/1966,,756.449.757.56,84841317
1000,Melina,Challiss,mchallissrr@trellian.com,F,1/15/1975,,756.593.387.86,82778119
